Const,Your Rating,Date Rated,Title,URL,Title Type,IMDb Rating,Runtime (mins),Year,Genres,Num Votes,Release Date,Directors
tt4209788,8,27/12/2020,Molly's Game,https://www.imdb.com/title/tt4209788/,movie,7.4,140,2017,"Biography, Crime, Drama",142695,08/09/2017,Aaron Sorkin
tt1070874,8,23/01/2021,The Trial of the Chicago 7,https://www.imdb.com/title/tt1070874/,movie,7.8,129,2020,"Drama, History, Thriller",90087,25/09/2020,Aaron Sorkin
tt0978762,8,15/05/2020,Mary and Max,https://www.imdb.com/title/tt0978762/,movie,8.1,92,2009,"Animation, Comedy, Drama, Family",164483,15/01/2009,Adam Elliot
tt0357413,6,11/06/2015,Anchorman: The Legend of Ron Burgundy,https://www.imdb.com/title/tt0357413/,movie,7.2,94,2004,Comedy,330427,28/06/2004,Adam McKay
tt0838283,6,11/06/2015,Step Brothers,https://www.imdb.com/title/tt0838283/,movie,6.9,98,2008,Comedy,268256,25/07/2008,Adam McKay
tt1386588,6,07/06/2015,The Other Guys,https://www.imdb.com/title/tt1386588/,movie,6.6,107,2010,"Action, Comedy, Crime",243003,02/08/2010,Adam McKay
tt1596363,8,27/03/2016,The Big Short,https://www.imdb.com/title/tt1596363/,movie,7.8,130,2015,"Biography, Comedy, Drama, History",363104,12/11/2015,Adam McKay
tt0452598,7,22/07/2015,Cheaper by the Dozen 2,https://www.imdb.com/title/tt0452598/,movie,5.5,94,2005,"Adventure, Comedy, Family",54787,21/12/2005,Adam Shankman
tt0427327,6,22/07/2015,Hairspray,https://www.imdb.com/title/tt0427327/,movie,6.6,117,2007,"Comedy, Drama, Musical, Romance",119785,10/07/2007,Adam Shankman
tt2380307,7,01/05/2020,Coco,https://www.imdb.com/title/tt2380307/,movie,8.4,105,2017,"Animation, Adventure, Family, Fantasy, Music, Mystery",384333,20/10/2017,"Adrian Molina, Lee Unkrich"
tt0055852,8,25/02/2018,Cléo de 5 à 7,https://www.imdb.com/title/tt0055852/,movie,7.9,90,1962,"Comedy, Drama, Music",17175,11/04/1962,Agnès Varda
tt0074119,8,26/04/2020,All the President's Men,https://www.imdb.com/title/tt0074119/,movie,7.9,138,1976,"Biography, Drama, History, Thriller",103054,04/04/1976,Alan J. Pakula
tt0245712,8,21/05/2020,Amores perros,https://www.imdb.com/title/tt0245712/,movie,8.1,154,2000,"Drama, Thriller",223760,14/05/2000,Alejandro G. Iñárritu
tt0449467,7,06/04/2019,Babel,https://www.imdb.com/title/tt0449467/,movie,7.4,143,2006,Drama,289442,23/05/2006,Alejandro G. Iñárritu
tt1033575,8,22/07/2015,The Descendants,https://www.imdb.com/title/tt1033575/,movie,7.3,115,2011,"Comedy, Drama",232711,02/09/2011,Alexander Payne
tt0245574,8,15/04/2019,Y tu mamá también,https://www.imdb.com/title/tt0245574/,movie,7.6,106,2001,Drama,115835,08/06/2001,Alfonso Cuarón
tt0304141,7,10/01/2016,Harry Potter and the Prisoner of Azkaban,https://www.imdb.com/title/tt0304141/,movie,7.9,142,2004,"Adventure, Family, Fantasy, Mystery",552565,23/05/2004,Alfonso Cuarón
tt1454468,9,06/08/2018,Gravity,https://www.imdb.com/title/tt1454468/,movie,7.7,91,2013,"Drama, Sci-Fi, Thriller",769205,28/08/2013,Alfonso Cuarón
tt6155172,8,22/07/2020,Roma,https://www.imdb.com/title/tt6155172/,movie,7.7,135,2018,Drama,140411,30/08/2018,Alfonso Cuarón
tt0052357,8,24/06/2018,Vertigo,https://www.imdb.com/title/tt0052357/,movie,8.3,128,1958,"Mystery, Romance, Thriller",364429,09/05/1958,Alfred Hitchcock
tt0054215,8,11/02/2016,Psycho,https://www.imdb.com/title/tt0054215/,movie,8.5,109,1960,"Horror, Mystery, Thriller",604311,16/06/1960,Alfred Hitchcock
tt0910970,7,26/06/2015,WALL·E,https://www.imdb.com/title/tt0910970/,movie,8.4,98,2008,"Animation, Adventure, Family, Sci-Fi",999949,21/06/2008,Andrew Stanton
tt0266543,7,02/03/2018,Finding Nemo,https://www.imdb.com/title/tt0266543/,movie,8.1,100,2003,"Animation, Adventure, Comedy, Family",949690,18/05/2003,"Andrew Stanton, Lee Unkrich"
tt2725962,8,05/09/2015,What We Did on Our Holiday,https://www.imdb.com/title/tt2725962/,movie,6.9,95,2014,"Comedy, Drama",20076,26/09/2014,"Andy Hamilton, Guy Jenkin"
tt0454876,8,12/04/2015,Life of Pi,https://www.imdb.com/title/tt0454876/,movie,7.9,127,2012,"Adventure, Drama, Fantasy",580755,28/09/2012,Ang Lee
tt0400497,6,22/07/2015,Herbie Fully Loaded,https://www.imdb.com/title/tt0400497/,movie,4.8,101,2005,"Adventure, Comedy, Family, Fantasy, Romance, Sport",45133,19/06/2005,Angela Robinson
tt1843866,7,26/06/2015,Captain America: The Winter Soldier,https://www.imdb.com/title/tt1843866/,movie,7.7,136,2014,"Action, Adventure, Sci-Fi, Thriller",736294,13/03/2014,"Anthony Russo, Joe Russo"
tt0400717,7,03/08/2015,Open Season,https://www.imdb.com/title/tt0400717/,movie,6.1,86,2006,"Animation, Adventure, Comedy, Family, Fantasy",86546,27/09/2006,"Anthony Stacchi, Jill Culton, Roger Allers"
tt0139654,7,17/04/2020,Training Day,https://www.imdb.com/title/tt0139654/,movie,7.7,122,2001,"Crime, Drama, Thriller",390308,02/09/2001,Antoine Fuqua
tt2302755,7,13/06/2015,Olympus Has Fallen,https://www.imdb.com/title/tt2302755/,movie,6.5,119,2013,"Action, Thriller",257370,18/03/2013,Antoine Fuqua
tt1798684,8,06/11/2015,Southpaw,https://www.imdb.com/title/tt1798684/,movie,7.4,124,2015,"Action, Drama, Sport",217893,15/06/2015,Antoine Fuqua
tt1832382,9,20/05/2020,Jodaeiye Nader az Simin,https://www.imdb.com/title/tt1832382/,movie,8.3,123,2011,Drama,220049,01/02/2011,Asghar Farhadi
tt0423294,7,22/05/2016,Surf's Up,https://www.imdb.com/title/tt0423294/,movie,6.7,85,2007,"Animation, Comedy, Family, Sport",69164,02/06/2007,"Ash Brannon, Chris Buck"
tt1424432,8,17/11/2015,Senna,https://www.imdb.com/title/tt1424432/,movie,8.5,106,2010,"Documentary, Biography, Sport",64199,07/10/2010,Asif Kapadia
tt2870648,8,01/08/2015,Amy,https://www.imdb.com/title/tt2870648/,movie,7.8,128,2015,"Documentary, Biography, Music",48658,16/05/2015,Asif Kapadia
tt1020072,8,15/05/2020,Selma,https://www.imdb.com/title/tt1020072/,movie,7.5,128,2014,"Biography, Drama, History",86374,11/11/2014,Ava DuVernay
tt5895028,8,11/06/2020,13th,https://www.imdb.com/title/tt5895028/,movie,8.3,100,2016,"Documentary, Crime, History, News",31788,30/09/2016,Ava DuVernay
tt4975722,9,26/01/2017,Moonlight,https://www.imdb.com/title/tt4975722/,movie,7.4,111,2016,Drama,273692,02/09/2016,Barry Jenkins
tt1343092,8,13/04/2015,The Great Gatsby,https://www.imdb.com/title/tt1343092/,movie,7.2,143,2013,"Drama, Romance",479176,01/05/2013,Baz Luhrmann
tt0452623,8,11/01/2018,Gone Baby Gone,https://www.imdb.com/title/tt0452623/,movie,7.6,114,2007,"Crime, Drama, Mystery, Thriller",250603,05/09/2007,Ben Affleck
tt0840361,7,06/05/2020,The Town,https://www.imdb.com/title/tt0840361/,movie,7.5,125,2010,"Crime, Drama, Thriller",352883,08/09/2010,Ben Affleck
tt1024648,9,10/04/2015,Argo,https://www.imdb.com/title/tt1024648/,movie,7.7,120,2012,"Biography, Drama, Thriller",572617,31/08/2012,Ben Affleck
tt1716772,7,15/05/2017,The Inbetweeners Movie,https://www.imdb.com/title/tt1716772/,movie,6.7,97,2011,Comedy,78520,17/08/2011,Ben Palmer
tt0196229,6,31/12/2019,Zoolander,https://www.imdb.com/title/tt0196229/,movie,6.5,90,2001,Comedy,246335,28/09/2001,Ben Stiller
tt0942385,6,11/06/2015,Tropic Thunder,https://www.imdb.com/title/tt0942385/,movie,7,107,2008,"Action, Comedy, War",377526,11/08/2008,Ben Stiller
tt2125435,7,22/05/2016,Beasts of the Southern Wild,https://www.imdb.com/title/tt2125435/,movie,7.3,93,2012,"Adventure, Drama, Fantasy",80697,20/01/2012,Benh Zeitlin
tt1210166,9,08/01/2016,Moneyball,https://www.imdb.com/title/tt1210166/,movie,7.6,133,2011,"Biography, Drama, Sport",369577,09/09/2011,Bennett Miller
tt1100089,8,11/06/2015,Foxcatcher,https://www.imdb.com/title/tt1100089/,movie,7,134,2014,"Biography, Drama, History, Sport",134517,19/05/2014,Bennett Miller
tt7014006,7,04/03/2019,Eighth Grade,https://www.imdb.com/title/tt7014006/,movie,7.4,93,2018,"Comedy, Drama",62431,19/01/2018,Bo Burnham
tt0353969,8,22/12/2019,Salinui chueok,https://www.imdb.com/title/tt0353969/,movie,8.1,131,2003,"Crime, Drama, Mystery, Thriller",139609,02/05/2003,Bong Joon Ho
tt6751668,10,01/12/2019,Gisaengchung,https://www.imdb.com/title/tt6751668/,movie,8.6,132,2019,"Comedy, Drama, Thriller",553190,21/05/2019,Bong Joon Ho
tt5688932,8,08/04/2019,Sorry to Bother You,https://www.imdb.com/title/tt5688932/,movie,6.9,112,2018,"Comedy, Fantasy, Sci-Fi",63761,20/01/2018,Boots Riley
tt4332232,6,11/04/2020,Fractured,https://www.imdb.com/title/tt4332232/,movie,6.4,99,2019,"Mystery, Thriller",54782,22/09/2019,Brad Anderson
tt0317705,8,16/05/2015,The Incredibles,https://www.imdb.com/title/tt0317705/,movie,8,115,2004,"Animation, Action, Adventure, Family",657128,27/10/2004,Brad Bird
tt0382932,8,10/06/2015,Ratatouille,https://www.imdb.com/title/tt0382932/,movie,8,111,2007,"Animation, Adventure, Comedy, Family, Fantasy",641742,22/06/2007,"Brad Bird, Jan Pinkava"
tt1189340,8,18/07/2018,The Lincoln Lawyer,https://www.imdb.com/title/tt1189340/,movie,7.3,118,2011,"Crime, Drama, Mystery, Thriller",214864,10/03/2011,Brad Furman
tt1216475,7,13/04/2015,Cars 2,https://www.imdb.com/title/tt1216475/,movie,6.1,106,2011,"Animation, Adventure, Comedy, Family, Sci-Fi, Sport",161198,18/06/2011,"Bradford Lewis, John Lasseter"
tt0086250,8,29/07/2020,Scarface,https://www.imdb.com/title/tt0086250/,movie,8.3,170,1983,"Crime, Drama",741037,01/12/1983,Brian De Palma
tt0094226,4,16/04/2015,The Untouchables,https://www.imdb.com/title/tt0094226/,movie,7.9,119,1987,"Crime, Drama, Thriller",281876,02/06/1987,Brian De Palma
tt0106519,8,22/07/2020,Carlito's Way,https://www.imdb.com/title/tt0106519/,movie,7.9,144,1993,"Crime, Drama, Thriller",201022,07/11/1993,Brian De Palma
tt0117060,6,12/04/2015,Mission: Impossible,https://www.imdb.com/title/tt0117060/,movie,7.1,110,1996,"Action, Adventure, Thriller",387912,20/05/1996,Brian De Palma
tt0114814,9,12/02/2016,The Usual Suspects,https://www.imdb.com/title/tt0114814/,movie,8.5,106,1995,"Crime, Mystery, Thriller",991344,25/01/1995,Bryan Singer
tt0181875,9,13/07/2020,Almost Famous,https://www.imdb.com/title/tt0181875/,movie,7.9,122,2000,"Adventure, Comedy, Drama, Music",252609,08/09/2000,Cameron Crowe
tt4729430,9,26/12/2020,Klaus,https://www.imdb.com/title/tt4729430/,movie,8.2,96,2019,"Animation, Adventure, Comedy, Family",104823,08/11/2019,"Carlos Martínez López, Sergio Pablos"
tt1365050,8,16/05/2020,Beasts of No Nation,https://www.imdb.com/title/tt1365050/,movie,7.7,137,2015,"Drama, War",73969,03/09/2015,Cary Joji Fukunaga
tt8613070,9,05/05/2020,Portrait de la jeune fille en feu,https://www.imdb.com/title/tt8613070/,movie,8.1,122,2019,"Drama, Romance",63182,19/05/2019,Céline Sciamma
tt0364569,9,16/07/2017,Oldeuboi,https://www.imdb.com/title/tt0364569/,movie,8.4,120,2003,"Action, Drama, Mystery, Thriller",515525,21/11/2003,Chan-wook Park
tt4016934,9,07/06/2020,Ah-ga-ssi,https://www.imdb.com/title/tt4016934/,movie,8.1,145,2016,"Drama, Romance, Thriller",113681,14/05/2016,Chan-wook Park
tt0027977,7,09/04/2015,Modern Times,https://www.imdb.com/title/tt0027977/,movie,8.5,87,1936,"Comedy, Drama, Family, Romance",217926,05/02/1936,Charles Chaplin
tt2401878,6,18/03/2016,Anomalisa,https://www.imdb.com/title/tt2401878/,movie,7.3,90,2015,"Animation, Comedy, Drama, Romance",66357,04/09/2015,"Charlie Kaufman, Duke Johnson"
tt0099785,7,10/06/2015,Home Alone,https://www.imdb.com/title/tt0099785/,movie,7.6,103,1990,"Comedy, Family",488871,10/11/1990,Chris Columbus
tt0104431,7,15/05/2017,Home Alone 2: Lost in New York,https://www.imdb.com/title/tt0104431/,movie,6.8,120,1992,"Adventure, Comedy, Crime, Family",310862,15/11/1992,Chris Columbus
tt0241527,8,10/01/2016,Harry Potter and the Sorcerer's Stone,https://www.imdb.com/title/tt0241527/,movie,7.6,152,2001,"Adventure, Family, Fantasy",658304,04/11/2001,Chris Columbus
tt1323594,7,10/01/2016,Despicable Me,https://www.imdb.com/title/tt1323594/,movie,7.6,95,2010,"Animation, Comedy, Crime, Family, Fantasy",500907,20/06/2010,"Chris Renaud, Pierre Coffin"
tt1690953,7,10/06/2015,Despicable Me 2,https://www.imdb.com/title/tt1690953/,movie,7.3,98,2013,"Animation, Adventure, Comedy, Crime, Family, Fantasy, Sci-Fi",369879,16/06/2013,"Chris Renaud, Pierre Coffin"
tt0268380,7,13/04/2015,Ice Age,https://www.imdb.com/title/tt0268380/,movie,7.5,81,2002,"Animation, Adventure, Comedy, Family, Fantasy",442231,12/03/2002,"Chris Wedge, Carlos Saldanha"
tt0358082,6,03/08/2015,Robots,https://www.imdb.com/title/tt0358082/,movie,6.3,91,2005,"Animation, Adventure, Comedy, Family, Sci-Fi",132919,10/03/2005,"Chris Wedge, Carlos Saldanha"
tt2381249,8,08/09/2015,Mission: Impossible - Rogue Nation,https://www.imdb.com/title/tt2381249/,movie,7.4,131,2015,"Action, Adventure, Thriller",342057,23/07/2015,Christopher McQuarrie
tt4912910,8,29/07/2018,Mission: Impossible - Fallout,https://www.imdb.com/title/tt4912910/,movie,7.7,147,2018,"Action, Adventure, Thriller",291295,12/07/2018,Christopher McQuarrie
tt1232829,8,10/06/2015,21 Jump Street,https://www.imdb.com/title/tt1232829/,movie,7.2,109,2012,"Action, Comedy, Crime",510712,12/03/2012,"Christopher Miller, Phil Lord"
tt2294449,8,13/04/2015,22 Jump Street,https://www.imdb.com/title/tt2294449/,movie,7,112,2014,"Action, Comedy, Crime",345770,04/06/2014,"Christopher Miller, Phil Lord"
tt0209144,10,11/12/2016,Memento,https://www.imdb.com/title/tt0209144/,movie,8.4,113,2000,"Mystery, Thriller",1125882,05/09/2000,Christopher Nolan
tt0372784,8,17/04/2015,Batman Begins,https://www.imdb.com/title/tt0372784/,movie,8.2,140,2005,"Action, Adventure",1308481,31/05/2005,Christopher Nolan
tt0482571,8,17/05/2016,The Prestige,https://www.imdb.com/title/tt0482571/,movie,8.5,130,2006,"Drama, Mystery, Sci-Fi, Thriller",1190472,17/10/2006,Christopher Nolan
tt0468569,8,13/06/2015,The Dark Knight,https://www.imdb.com/title/tt0468569/,movie,9,152,2008,"Action, Crime, Drama, Thriller",2303629,14/07/2008,Christopher Nolan
tt1375666,8,14/06/2015,Inception,https://www.imdb.com/title/tt1375666/,movie,8.8,148,2010,"Action, Adventure, Sci-Fi, Thriller",2067401,08/07/2010,Christopher Nolan
tt1345836,8,09/04/2015,The Dark Knight Rises,https://www.imdb.com/title/tt1345836/,movie,8.4,164,2012,"Action, Adventure",1516552,16/07/2012,Christopher Nolan
tt0816692,9,17/10/2015,Interstellar,https://www.imdb.com/title/tt0816692/,movie,8.6,169,2014,"Adventure, Drama, Sci-Fi",1512713,26/10/2014,Christopher Nolan
tt1205489,4,11/06/2015,Gran Torino,https://www.imdb.com/title/tt1205489/,movie,8.1,116,2008,Drama,720525,09/12/2008,Clint Eastwood
tt1057500,6,15/08/2015,Invictus,https://www.imdb.com/title/tt1057500/,movie,7.3,134,2009,"Biography, Drama, History, Sport",149822,03/12/2009,Clint Eastwood
tt2179136,8,12/04/2015,American Sniper,https://www.imdb.com/title/tt2179136/,movie,7.3,133,2014,"Action, Biography, Drama, War",439722,11/11/2014,Clint Eastwood
tt0369610,7,06/11/2015,Jurassic World,https://www.imdb.com/title/tt0369610/,movie,7,124,2015,"Action, Adventure, Sci-Fi",579447,29/05/2015,Colin Trevorrow
tt0298148,7,22/07/2015,Shrek 2,https://www.imdb.com/title/tt0298148/,movie,7.2,93,2004,"Animation, Adventure, Comedy, Family, Fantasy, Romance",419873,08/05/2004,"Conrad Vernon, Kelly Asbury, Andrew Adamson"
tt1277953,7,13/04/2015,Madagascar 3: Europe's Most Wanted,https://www.imdb.com/title/tt1277953/,movie,6.8,95,2012,"Animation, Adventure, Comedy, Family",163531,18/05/2012,"Conrad Vernon, Tom McGrath, Eric Darnell"
tt0293662,7,11/06/2015,The Transporter,https://www.imdb.com/title/tt0293662/,movie,6.8,92,2002,"Action, Crime, Thriller",284837,02/10/2002,"Corey Yuen, Louis Leterrier"
tt1438176,6,13/06/2015,Fright Night,https://www.imdb.com/title/tt1438176/,movie,6.3,106,2011,"Comedy, Horror",99574,14/08/2011,Craig Gillespie
tt0119488,8,10/12/2016,L.A. Confidential,https://www.imdb.com/title/tt0119488/,movie,8.2,138,1997,"Crime, Drama, Mystery, Thriller",532039,14/05/1997,Curtis Hanson
tt0298203,8,22/05/2016,8 Mile,https://www.imdb.com/title/tt0298203/,movie,7.1,110,2002,"Drama, Music",249755,08/09/2002,Curtis Hanson
tt3011894,9,01/08/2015,Relatos salvajes,https://www.imdb.com/title/tt3011894/,movie,8.1,122,2014,"Comedy, Drama, Thriller",177094,17/05/2014,Damián Szifron
tt2582802,9,21/04/2016,Whiplash,https://www.imdb.com/title/tt2582802/,movie,8.5,106,2014,"Drama, Music",717735,16/01/2014,Damien Chazelle
tt3783958,8,31/01/2017,La La Land,https://www.imdb.com/title/tt3783958/,movie,8,128,2016,"Comedy, Drama, Music, Musical, Romance",506022,31/08/2016,Damien Chazelle
tt2872718,9,12/04/2015,Nightcrawler,https://www.imdb.com/title/tt2872718/,movie,7.9,117,2014,"Crime, Drama, Thriller",466219,05/09/2014,Dan Gilroy
tt2244901,6,06/12/2016,I Give It a Year,https://www.imdb.com/title/tt2244901/,movie,5.7,97,2013,"Comedy, Romance",35627,15/01/2013,Dan Mazer
tt0117951,9,11/12/2016,Trainspotting,https://www.imdb.com/title/tt0117951/,movie,8.1,93,1996,Drama,634786,23/02/1996,Danny Boyle
tt0289043,7,17/02/2017,28 Days Later...,https://www.imdb.com/title/tt0289043/,movie,7.6,113,2002,"Drama, Horror, Sci-Fi, Thriller",376885,01/11/2002,Danny Boyle
tt0180093,8,22/07/2015,Requiem for a Dream,https://www.imdb.com/title/tt0180093/,movie,8.3,102,2000,Drama,766977,14/05/2000,Darren Aronofsky
tt0947798,8,10/01/2018,Black Swan,https://www.imdb.com/title/tt0947798/,movie,8,108,2010,"Drama, Thriller",699733,01/09/2010,Darren Aronofsky
tt0765443,7,24/02/2018,Eastern Promises,https://www.imdb.com/title/tt0765443/,movie,7.6,100,2007,"Action, Crime, Drama, Thriller",227772,08/09/2007,David Cronenberg
tt1872194,8,29/02/2016,The Judge,https://www.imdb.com/title/tt1872194/,movie,7.4,141,2014,"Crime, Drama",178908,04/09/2014,David Dobkin
tt0114369,9,14/06/2015,Se7en,https://www.imdb.com/title/tt0114369/,movie,8.6,127,1995,"Crime, Drama, Mystery, Thriller",1445344,15/09/1995,David Fincher
tt0137523,9,06/11/2015,Fight Club,https://www.imdb.com/title/tt0137523/,movie,8.8,139,1999,Drama,1855050,10/09/1999,David Fincher
tt0443706,9,24/03/2016,Zodiac,https://www.imdb.com/title/tt0443706/,movie,7.7,157,2007,"Crime, Drama, Mystery, Thriller",466199,28/02/2007,David Fincher
tt1285016,7,10/06/2015,The Social Network,https://www.imdb.com/title/tt1285016/,movie,7.7,120,2010,"Biography, Drama",625076,24/09/2010,David Fincher
tt1568346,7,18/01/2021,The Girl with the Dragon Tattoo,https://www.imdb.com/title/tt1568346/,movie,7.8,158,2011,"Crime, Drama, Mystery, Thriller",423074,12/12/2011,David Fincher
tt2267998,8,30/06/2015,Gone Girl,https://www.imdb.com/title/tt2267998/,movie,8.1,149,2014,"Drama, Mystery, Thriller",859839,26/09/2014,David Fincher
tt0458352,6,11/06/2015,The Devil Wears Prada,https://www.imdb.com/title/tt0458352/,movie,6.9,109,2006,"Comedy, Drama",371652,19/06/2006,David Frankel
tt0910936,7,11/06/2015,Pineapple Express,https://www.imdb.com/title/tt0910936/,movie,6.9,111,2008,"Action, Comedy, Crime",316390,31/07/2008,David Gordon Green
tt0166924,10,29/06/2017,Mulholland Dr.,https://www.imdb.com/title/tt0166924/,movie,7.9,147,2001,"Drama, Mystery, Thriller",322078,16/05/2001,David Lynch
tt2582782,8,13/02/2017,Hell or High Water,https://www.imdb.com/title/tt2582782/,movie,7.6,102,2016,"Action, Crime, Drama, Thriller, Western",204205,16/05/2016,David Mackenzie
tt0964517,9,07/06/2015,The Fighter,https://www.imdb.com/title/tt0964517/,movie,7.8,116,2010,"Biography, Drama, Sport",340622,06/12/2010,David O. Russell
tt1045658,9,14/06/2015,Silver Linings Playbook,https://www.imdb.com/title/tt1045658/,movie,7.7,122,2012,"Comedy, Drama, Romance",661919,08/09/2012,David O. Russell
tt1800241,8,26/02/2017,American Hustle,https://www.imdb.com/title/tt1800241/,movie,7.2,138,2013,"Crime, Drama",448961,12/12/2013,David O. Russell
tt0462538,7,21/07/2015,The Simpsons Movie,https://www.imdb.com/title/tt0462538/,movie,7.3,87,2007,"Animation, Adventure, Comedy",308924,21/07/2007,David Silverman
tt0198781,7,13/04/2015,"Monsters, Inc.",https://www.imdb.com/title/tt0198781/,movie,8.1,92,2001,"Animation, Adventure, Comedy, Family, Fantasy",815631,28/10/2001,"David Silverman, Pete Docter, Lee Unkrich"
tt0373889,7,10/01/2016,Harry Potter and the Order of the Phoenix,https://www.imdb.com/title/tt0373889/,movie,7.5,138,2007,"Action, Adventure, Family, Fantasy, Mystery",511329,28/06/2007,David Yates
tt0417741,7,10/01/2016,Harry Potter and the Half-Blood Prince,https://www.imdb.com/title/tt0417741/,movie,7.6,153,2009,"Action, Adventure, Family, Fantasy, Mystery",474893,06/07/2009,David Yates
tt0926084,8,13/04/2015,Harry Potter and the Deathly Hallows: Part 1,https://www.imdb.com/title/tt0926084/,movie,7.7,146,2010,"Adventure, Family, Fantasy, Mystery",479187,11/11/2010,David Yates
tt1201607,8,29/07/2015,Harry Potter and the Deathly Hallows: Part 2,https://www.imdb.com/title/tt1201607/,movie,8.1,130,2011,"Adventure, Drama, Fantasy, Mystery",764630,07/07/2011,David Yates
tt1821694,7,11/06/2015,RED 2,https://www.imdb.com/title/tt1821694/,movie,6.6,116,2013,"Action, Adventure, Comedy, Crime, Thriller",160172,18/07/2013,Dean Parisot
tt1399683,8,22/02/2017,Winter's Bone,https://www.imdb.com/title/tt1399683/,movie,7.1,100,2010,"Adventure, Drama, Mystery",135952,21/01/2010,Debra Granik
tt2396589,8,25/01/2020,Mudbound,https://www.imdb.com/title/tt2396589/,movie,7.4,134,2017,"Drama, War",42650,21/01/2017,Dee Rees
tt1255953,8,18/05/2020,Incendies,https://www.imdb.com/title/tt1255953/,movie,8.3,131,2010,"Drama, Mystery, War",150068,03/09/2010,Denis Villeneuve
tt1392214,8,14/12/2016,Prisoners,https://www.imdb.com/title/tt1392214/,movie,8.1,153,2013,"Crime, Drama, Mystery, Thriller",601268,30/08/2013,Denis Villeneuve
tt3397884,8,06/01/2016,Sicario,https://www.imdb.com/title/tt3397884/,movie,7.6,121,2015,"Action, Crime, Drama, Mystery, Thriller",371340,19/05/2015,Denis Villeneuve
tt2543164,8,11/11/2017,Arrival,https://www.imdb.com/title/tt2543164/,movie,7.9,116,2016,"Drama, Sci-Fi",594287,01/09/2016,Denis Villeneuve
tt0116483,7,11/06/2015,Happy Gilmore,https://www.imdb.com/title/tt0116483/,movie,7,92,1996,"Comedy, Sport",197139,07/02/1996,Dennis Dugan
tt1564367,7,21/07/2015,Just Go with It,https://www.imdb.com/title/tt1564367/,movie,6.4,117,2011,"Comedy, Romance",221630,08/02/2011,Dennis Dugan
tt1120985,7,13/04/2020,Blue Valentine,https://www.imdb.com/title/tt1120985/,movie,7.4,112,2010,"Drama, Romance",184344,24/01/2010,Derek Cianfrance
tt0258463,8,10/06/2015,The Bourne Identity,https://www.imdb.com/title/tt0258463/,movie,7.9,119,2002,"Action, Mystery, Thriller",508797,06/06/2002,Doug Liman
tt0356910,7,11/06/2015,Mr. & Mrs. Smith,https://www.imdb.com/title/tt0356910/,movie,6.5,120,2005,"Action, Comedy, Crime, Thriller",450252,07/06/2005,Doug Liman
tt6628394,8,24/08/2019,Bad Times at the El Royale,https://www.imdb.com/title/tt6628394/,movie,7.1,141,2018,"Crime, Drama, Mystery, Thriller",128960,22/09/2018,Drew Goddard
tt0365748,8,11/06/2015,Shaun of the Dead,https://www.imdb.com/title/tt0365748/,movie,7.9,99,2004,"Comedy, Horror",512292,29/03/2004,Edgar Wright
tt0425112,7,13/06/2015,Hot Fuzz,https://www.imdb.com/title/tt0425112/,movie,7.8,121,2007,"Action, Comedy, Mystery, Thriller",463507,13/02/2007,Edgar Wright
tt1213663,6,13/06/2015,The World's End,https://www.imdb.com/title/tt1213663/,movie,7,109,2013,"Comedy, Sci-Fi",259983,10/07/2013,Edgar Wright
tt3890160,9,03/07/2017,Baby Driver,https://www.imdb.com/title/tt3890160/,movie,7.6,113,2017,"Action, Crime, Drama, Music, Thriller",439500,11/03/2017,Edgar Wright
tt0450259,9,12/02/2016,Blood Diamond,https://www.imdb.com/title/tt0450259/,movie,8,143,2006,"Adventure, Drama, Thriller",499485,06/12/2006,Edward Zwick
tt1034303,8,06/09/2015,Defiance,https://www.imdb.com/title/tt1034303/,movie,7.2,137,2008,"Action, Drama, History, Thriller, War",138164,31/12/2008,Edward Zwick
tt0092890,8,10/01/2017,Dirty Dancing,https://www.imdb.com/title/tt0092890/,movie,7,100,1987,"Drama, Music, Romance",203884,12/05/1987,Emile Ardolino
tt1398426,8,09/03/2017,Straight Outta Compton,https://www.imdb.com/title/tt1398426/,movie,7.8,147,2015,"Biography, Drama, History, Music",179280,11/08/2015,F. Gary Gray
tt8404614,7,06/01/2020,The Two Popes,https://www.imdb.com/title/tt8404614/,movie,7.6,125,2019,"Biography, Comedy, Drama, History",106847,31/08/2019,Fernando Meirelles
tt0405094,10,11/06/2015,Das Leben der Anderen,https://www.imdb.com/title/tt0405094/,movie,8.4,137,2006,"Drama, Mystery, Thriller",358743,15/03/2006,Florian Henckel von Donnersmarck
tt5311542,8,16/05/2020,Werk ohne Autor,https://www.imdb.com/title/tt5311542/,movie,7.7,189,2018,"Biography, Drama, Romance, Thriller, War",16169,04/09/2018,Florian Henckel von Donnersmarck
tt0068646,8,22/05/2016,The Godfather,https://www.imdb.com/title/tt0068646/,movie,9.2,175,1972,"Crime, Drama",1620669,14/03/1972,Francis Ford Coppola
tt0071562,8,27/04/2020,The Godfather: Part II,https://www.imdb.com/title/tt0071562/,movie,9,202,1974,"Crime, Drama",1130151,12/12/1974,Francis Ford Coppola
tt0480249,6,10/06/2015,I Am Legend,https://www.imdb.com/title/tt0480249/,movie,7.2,101,2007,"Action, Adventure, Drama, Sci-Fi, Thriller",687093,05/12/2007,Francis Lawrence
tt1951264,7,08/09/2015,The Hunger Games: Catching Fire,https://www.imdb.com/title/tt1951264/,movie,7.5,146,2013,"Action, Adventure, Mystery, Sci-Fi, Thriller",613692,11/11/2013,Francis Lawrence
tt1951265,7,26/06/2015,The Hunger Games: Mockingjay - Part 1,https://www.imdb.com/title/tt1951265/,movie,6.6,123,2014,"Action, Adventure, Sci-Fi, Thriller",414018,10/11/2014,Francis Lawrence
tt2873282,7,18/12/2018,Red Sparrow,https://www.imdb.com/title/tt2873282/,movie,6.6,140,2018,"Action, Drama, Thriller",166335,19/02/2018,Francis Lawrence
tt0053198,9,25/02/2018,Les quatre cents coups,https://www.imdb.com/title/tt0053198/,movie,8.1,99,1959,"Crime, Drama",105310,04/05/1959,François Truffaut
tt0055032,8,01/03/2018,Jules et Jim,https://www.imdb.com/title/tt0055032/,movie,7.8,105,1962,"Drama, Romance",37611,23/01/1962,François Truffaut
tt0120484,7,11/06/2015,The Waterboy,https://www.imdb.com/title/tt0120484/,movie,6.2,90,1998,"Comedy, Sport",148979,06/11/1998,Frank Coraci
tt0111161,8,03/08/2015,The Shawshank Redemption,https://www.imdb.com/title/tt0111161/,movie,9.3,142,1994,Drama,2343557,10/09/1994,Frank Darabont
tt0120689,8,15/05/2020,The Green Mile,https://www.imdb.com/title/tt0120689/,movie,8.6,189,1999,"Crime, Drama, Fantasy, Mystery",1148006,06/12/1999,Frank Darabont
tt0401792,6,06/06/2015,Sin City,https://www.imdb.com/title/tt0401792/,movie,8,124,2005,"Crime, Thriller",738545,28/03/2005,"Frank Miller, Quentin Tarantino, Robert Rodriguez"
tt0458481,6,11/06/2015,Sin City: A Dame to Kill For,https://www.imdb.com/title/tt0458481/,movie,6.5,102,2014,"Action, Crime, Thriller",152697,19/08/2014,"Frank Miller, Robert Rodriguez"
tt3741834,8,02/02/2017,Lion,https://www.imdb.com/title/tt3741834/,movie,8,118,2016,"Biography, Drama",213999,10/09/2016,Garth Davis
tt1392170,7,10/06/2015,The Hunger Games,https://www.imdb.com/title/tt1392170/,movie,7.2,142,2012,"Action, Adventure, Sci-Fi, Thriller",844625,12/03/2012,Gary Ross
tt5164214,6,18/12/2018,Ocean's Eight,https://www.imdb.com/title/tt5164214/,movie,7,110,2018,"Action, Comedy, Crime, Thriller",187620,05/06/2018,Gary Ross
tt0337563,7,22/07/2015,13 Going on 30,https://www.imdb.com/title/tt0337563/,movie,6.2,98,2004,"Comedy, Fantasy, Romance",167310,14/04/2004,Gary Winick
tt1291584,8,02/08/2015,Warrior,https://www.imdb.com/title/tt1291584/,movie,8.2,140,2011,"Action, Drama, Sport",435997,09/09/2011,Gavin O'Connor
tt1124035,8,22/07/2015,The Ides of March,https://www.imdb.com/title/tt1124035/,movie,7.1,101,2011,"Drama, Thriller",215495,31/08/2011,George Clooney
tt2177771,8,12/06/2015,The Monuments Men,https://www.imdb.com/title/tt2177771/,movie,6.1,118,2014,"Comedy, Drama, History, War",124765,04/02/2014,George Clooney
tt1392190,8,29/05/2015,Mad Max: Fury Road,https://www.imdb.com/title/tt1392190/,movie,8.1,120,2015,"Action, Adventure, Sci-Fi, Thriller",882444,07/05/2015,George Miller
tt0095765,9,10/06/2018,Nuovo Cinema Paradiso,https://www.imdb.com/title/tt0095765/,movie,8.5,155,1988,"Drama, Romance",230813,29/09/1988,Giuseppe Tornatore
tt1570728,7,22/05/2016,"Crazy, Stupid, Love.",https://www.imdb.com/title/tt1570728/,movie,7.4,118,2011,"Comedy, Drama, Romance",472406,19/07/2011,"Glenn Ficarra, John Requa"
tt0325980,7,10/06/2015,Pirates of the Caribbean: The Curse of the Black Pearl,https://www.imdb.com/title/tt0325980/,movie,8,143,2003,"Action, Adventure, Fantasy",1015185,28/06/2003,Gore Verbinski
tt0383574,7,10/01/2016,Pirates of the Caribbean: Dead Man's Chest,https://www.imdb.com/title/tt0383574/,movie,7.3,151,2006,"Action, Adventure, Fantasy",655277,24/06/2006,Gore Verbinski
tt1173745,9,23/07/2020,Revanche,https://www.imdb.com/title/tt1173745/,movie,7.5,121,2008,"Crime, Drama, Romance, Thriller",13783,10/02/2008,Götz Spielmann
tt0829482,7,05/06/2015,Superbad,https://www.imdb.com/title/tt0829482/,movie,7.6,113,2007,Comedy,521073,17/08/2007,Greg Mottola
tt1091722,7,15/05/2017,Adventureland,https://www.imdb.com/title/tt1091722/,movie,6.8,107,2009,"Comedy, Drama, Romance",152177,19/01/2009,Greg Mottola
tt1092026,7,11/06/2015,Paul,https://www.imdb.com/title/tt1092026/,movie,7,104,2011,"Adventure, Comedy, Sci-Fi",234901,07/02/2011,Greg Mottola
tt4925292,8,22/05/2018,Lady Bird,https://www.imdb.com/title/tt4925292/,movie,7.4,94,2017,"Comedy, Drama",241577,01/09/2017,Greta Gerwig
tt3281548,8,22/05/2020,Little Women,https://www.imdb.com/title/tt3281548/,movie,7.8,135,2019,"Drama, Romance",143319,07/12/2019,Greta Gerwig
tt0119217,9,05/07/2019,Good Will Hunting,https://www.imdb.com/title/tt0119217/,movie,8.3,126,1997,"Drama, Romance",861739,02/12/1997,Gus Van Sant
tt0058150,7,10/06/2015,Goldfinger,https://www.imdb.com/title/tt0058150/,movie,7.7,110,1964,"Action, Adventure, Thriller",174136,17/09/1964,Guy Hamilton
tt0120735,8,01/02/2021,"Lock, Stock and Two Smoking Barrels",https://www.imdb.com/title/tt0120735/,movie,8.2,107,1998,"Action, Comedy, Crime",535276,23/08/1998,Guy Ritchie
tt0208092,8,25/03/2020,Snatch,https://www.imdb.com/title/tt0208092/,movie,8.3,104,2000,"Comedy, Crime",782092,23/08/2000,Guy Ritchie
tt0988045,8,11/06/2015,Sherlock Holmes,https://www.imdb.com/title/tt0988045/,movie,7.6,128,2009,"Action, Adventure, Mystery",583209,14/12/2009,Guy Ritchie
tt1515091,7,22/07/2015,Sherlock Holmes: A Game of Shadows,https://www.imdb.com/title/tt1515091/,movie,7.5,129,2011,"Action, Adventure, Mystery",420818,10/12/2011,Guy Ritchie
tt1638355,8,16/01/2018,The Man from U.N.C.L.E.,https://www.imdb.com/title/tt1638355/,movie,7.3,116,2015,"Action, Adventure, Comedy",274915,02/08/2015,Guy Ritchie
tt1155076,7,12/06/2015,The Karate Kid,https://www.imdb.com/title/tt1155076/,movie,6.2,140,2010,"Action, Drama, Family, Sport",162567,07/06/2010,Harald Zwart
tt0245429,8,06/04/2020,Sen to Chihiro no kamikakushi,https://www.imdb.com/title/tt0245429/,movie,8.6,125,2001,"Animation, Adventure, Family, Fantasy, Mystery",651513,20/07/2001,Hayao Miyazaki
tt8075192,9,22/05/2020,Manbiki kazoku,https://www.imdb.com/title/tt8075192/,movie,7.9,121,2018,"Crime, Drama",62780,13/05/2018,Hirokazu Koreeda
tt3097204,7,01/08/2015,The Inbetweeners 2,https://www.imdb.com/title/tt3097204/,movie,6.4,96,2014,Comedy,41301,06/08/2014,"Iain Morris, Damon Beesley"
tt0252866,6,11/06/2015,American Pie 2,https://www.imdb.com/title/tt0252866/,movie,6.4,108,2001,Comedy,240086,06/08/2001,J.B. Rogers
tt2053425,8,01/09/2020,De rouille et d'os,https://www.imdb.com/title/tt2053425/,movie,7.5,120,2012,"Drama, Romance",63878,17/05/2012,Jacques Audiard
tt1284575,6,21/07/2015,Bad Teacher,https://www.imdb.com/title/tt1284575/,movie,5.6,92,2011,"Comedy, Romance",193249,17/06/2011,Jake Kasdan
tt0120338,7,10/04/2015,Titanic,https://www.imdb.com/title/tt0120338/,movie,7.8,194,1997,"Drama, Romance",1046247,01/11/1997,James Cameron
tt0499549,8,13/06/2015,Avatar,https://www.imdb.com/title/tt0499549/,movie,7.8,162,2009,"Action, Adventure, Fantasy, Sci-Fi",1119092,10/12/2009,James Cameron
tt2184339,7,07/11/2016,The Purge,https://www.imdb.com/title/tt2184339/,movie,5.7,85,2013,"Horror, Thriller",202612,02/05/2013,James DeMonaco
tt2975578,7,07/11/2016,The Purge: Anarchy,https://www.imdb.com/title/tt2975578/,movie,6.4,103,2014,"Action, Adventure, Horror, Sci-Fi, Thriller",138492,17/07/2014,James DeMonaco
tt2390237,8,22/05/2016,Cuban Fury,https://www.imdb.com/title/tt2390237/,movie,6.2,98,2014,"Comedy, Romance, Sport",17933,13/02/2014,James Griffiths
tt0091867,7,02/09/2015,A Room with a View,https://www.imdb.com/title/tt0091867/,movie,7.3,117,1985,"Drama, Romance",39692,13/12/1985,James Ivory
tt1013743,7,15/12/2016,Knight and Day,https://www.imdb.com/title/tt1013743/,movie,6.3,109,2010,"Action, Adventure, Comedy",180381,16/06/2010,James Mangold
tt2980516,9,12/04/2015,The Theory of Everything,https://www.imdb.com/title/tt2980516/,movie,7.7,123,2014,"Biography, Drama, Romance",404233,07/09/2014,James Marsh
tt0434409,8,22/10/2016,V for Vendetta,https://www.imdb.com/title/tt0434409/,movie,8.2,132,2005,"Action, Drama, Sci-Fi, Thriller",1032875,11/12/2005,James McTeigue
tt1591095,6,26/06/2015,Insidious,https://www.imdb.com/title/tt1591095/,movie,6.8,103,2010,"Horror, Mystery, Thriller",278772,14/09/2010,James Wan
tt0467406,9,11/04/2016,Juno,https://www.imdb.com/title/tt0467406/,movie,7.4,96,2007,"Comedy, Drama",491312,01/09/2007,Jason Reitman
tt1193138,7,15/09/2020,Up in the Air,https://www.imdb.com/title/tt1193138/,movie,7.4,109,2009,"Comedy, Drama, Romance",318557,05/09/2009,Jason Reitman
tt1334512,6,22/07/2015,Arthur,https://www.imdb.com/title/tt1334512/,movie,5.7,110,2011,"Comedy, Romance",50623,08/04/2011,Jason Winer
tt13143964,7,01/02/2021,Borat Subsequent Moviefilm: Delivery of Prodigious Bribe to American Regime for Make Benefit Once Glorious Nation of Kazakhstan,https://www.imdb.com/title/tt13143964/,movie,6.7,95,2020,Comedy,103953,23/10/2020,Jason Woliner
tt1401152,6,12/06/2015,Unknown,https://www.imdb.com/title/tt1401152/,movie,6.8,113,2011,"Action, Mystery, Thriller",249408,16/02/2011,Jaume Collet-Serra
tt2024469,6,11/06/2015,Non-Stop,https://www.imdb.com/title/tt2024469/,movie,6.9,106,2014,"Action, Mystery, Thriller",250204,27/01/2014,Jaume Collet-Serra
tt0212338,6,13/04/2015,Meet the Parents,https://www.imdb.com/title/tt0212338/,movie,7,108,2000,"Comedy, Romance",311177,06/10/2000,Jay Roach
tt0290002,7,22/07/2015,Meet the Fockers,https://www.imdb.com/title/tt0290002/,movie,6.3,115,2004,"Comedy, Romance",252928,16/12/2004,Jay Roach
tt1790886,6,18/07/2015,The Campaign,https://www.imdb.com/title/tt1790886/,movie,6.1,85,2012,Comedy,124533,04/08/2012,Jay Roach
tt0070359,9,20/04/2018,La maman et la putain,https://www.imdb.com/title/tt0070359/,movie,8,217,1973,"Drama, Romance",5006,17/05/1973,Jean Eustache
tt0054745,8,13/03/2018,Chronique d'un été (Paris 1960),https://www.imdb.com/title/tt0054745/,movie,7.6,85,1961,Documentary,2582,31/05/1961,"Jean Rouch, Edgar Morin"
tt0053472,8,25/02/2018,À bout de souffle,https://www.imdb.com/title/tt0053472/,movie,7.8,90,1960,"Crime, Drama",73265,16/03/1960,Jean-Luc Godard
tt0056663,7,04/03/2018,Vivre sa vie: Film en douze tableaux,https://www.imdb.com/title/tt0056663/,movie,8,80,1962,Drama,28061,28/08/1962,Jean-Luc Godard
tt0790636,8,05/06/2015,Dallas Buyers Club,https://www.imdb.com/title/tt0790636/,movie,8,117,2013,"Biography, Drama",441674,07/09/2013,Jean-Marc Vallée
tt2305051,8,11/04/2020,Wild,https://www.imdb.com/title/tt2305051/,movie,7.1,115,2014,"Biography, Drama",120503,29/08/2014,Jean-Marc Vallée
tt0211915,10,26/12/2017,Le fabuleux destin d'Amélie Poulain,https://www.imdb.com/title/tt0211915/,movie,8.3,122,2001,"Comedy, Romance",703889,25/04/2001,Jean-Pierre Jeunet
tt1935179,8,20/12/2017,Mud,https://www.imdb.com/title/tt1935179/,movie,7.4,130,2012,Drama,168430,26/05/2012,Jeff Nichols
tt1650554,7,11/06/2015,Kick-Ass 2,https://www.imdb.com/title/tt1650554/,movie,6.5,103,2013,"Action, Comedy, Crime, Thriller",254760,14/08/2013,Jeff Wadlow
tt2294629,7,13/04/2015,Frozen,https://www.imdb.com/title/tt2294629/,movie,7.4,102,2013,"Animation, Adventure, Comedy, Family, Fantasy, Musical",572829,10/11/2013,"Jennifer Lee, Chris Buck"
tt0055614,7,21/07/2015,West Side Story,https://www.imdb.com/title/tt0055614/,movie,7.5,153,1961,"Crime, Drama, Musical, Romance",97061,18/10/1961,"Jerome Robbins, Robert Wise"
tt0328828,7,22/07/2015,American Wedding,https://www.imdb.com/title/tt0328828/,movie,6.3,96,2003,Comedy,194652,24/07/2003,Jesse Dylan
tt0107207,9,15/06/2020,In the Name of the Father,https://www.imdb.com/title/tt0107207/,movie,8.1,133,1993,"Biography, Crime, Drama",156861,12/12/1993,Jim Sheridan
tt0429493,8,12/06/2015,The A-Team,https://www.imdb.com/title/tt0429493/,movie,6.7,117,2010,"Action, Adventure, Thriller",245771,03/06/2010,Joe Carnahan
tt0458339,7,26/06/2015,Captain America: The First Avenger,https://www.imdb.com/title/tt0458339/,movie,6.9,124,2011,"Action, Adventure, Sci-Fi",740484,19/07/2011,Joe Johnston
tt0118715,7,13/07/2020,The Big Lebowski,https://www.imdb.com/title/tt0118715/,movie,8.1,117,1998,"Comedy, Crime, Sport",732714,18/01/1998,"Joel Coen, Ethan Coen"
tt0477348,10,11/12/2016,No Country for Old Men,https://www.imdb.com/title/tt0477348/,movie,8.1,122,2007,"Crime, Drama, Thriller",857044,19/05/2007,"Joel Coen, Ethan Coen"
tt1403865,7,26/06/2015,True Grit,https://www.imdb.com/title/tt1403865/,movie,7.6,110,2010,"Drama, Western",311844,14/12/2010,"Joel Coen, Ethan Coen"
tt6412452,8,29/03/2020,The Ballad of Buster Scruggs,https://www.imdb.com/title/tt6412452/,movie,7.3,133,2018,"Comedy, Drama, Musical, Mystery, Romance, Western",122631,31/08/2018,"Joel Coen, Ethan Coen"
tt1524930,7,06/11/2015,Vacation,https://www.imdb.com/title/tt1524930/,movie,6.1,99,2015,"Adventure, Comedy",99559,29/07/2015,"John Francis Daley, Jonathan Goldstein"
tt0075148,7,17/04/2015,Rocky,https://www.imdb.com/title/tt0075148/,movie,8.1,120,1976,"Drama, Sport",518612,20/11/1976,John G. Avildsen
tt0087538,7,26/06/2015,The Karate Kid,https://www.imdb.com/title/tt0087538/,movie,7.3,126,1984,"Action, Drama, Family, Sport",196273,22/06/1984,John G. Avildsen
tt0088847,9,11/02/2016,The Breakfast Club,https://www.imdb.com/title/tt0088847/,movie,7.8,97,1985,"Comedy, Drama",357047,07/02/1985,John Hughes
tt0091042,7,21/07/2015,Ferris Bueller's Day Off,https://www.imdb.com/title/tt0091042/,movie,7.8,103,1986,Comedy,321418,11/06/1986,John Hughes
tt0080455,8,21/07/2015,The Blues Brothers,https://www.imdb.com/title/tt0080455/,movie,7.9,133,1980,"Action, Adventure, Comedy, Crime, Music, Musical",183193,20/06/1980,John Landis
tt0114709,8,22/07/2015,Toy Story,https://www.imdb.com/title/tt0114709/,movie,8.3,81,1995,"Animation, Adventure, Comedy, Family, Fantasy",887568,19/11/1995,John Lasseter
tt0317219,7,22/07/2015,Cars,https://www.imdb.com/title/tt0317219/,movie,7.1,117,2006,"Animation, Comedy, Family, Sport",368888,14/03/2006,"John Lasseter, Joe Ranft"
tt0878804,8,11/06/2015,The Blind Side,https://www.imdb.com/title/tt0878804/,movie,7.6,129,2009,"Biography, Drama, Sport",293298,17/11/2009,John Lee Hancock
tt0095016,7,10/06/2015,Die Hard,https://www.imdb.com/title/tt0095016/,movie,8.2,132,1988,"Action, Thriller",793235,12/07/1988,John McTiernan
tt0441773,8,13/04/2015,Kung Fu Panda,https://www.imdb.com/title/tt0441773/,movie,7.5,92,2008,"Animation, Action, Adventure, Comedy, Family",419927,15/05/2008,"John Stevenson, Mark Osborne"
tt0057115,8,26/06/2015,The Great Escape,https://www.imdb.com/title/tt0057115/,movie,8.2,172,1963,"Adventure, Drama, History, Thriller, War",224761,20/06/1963,John Sturges
tt1605630,7,08/09/2015,American Reunion,https://www.imdb.com/title/tt1605630/,movie,6.7,113,2012,Comedy,203080,04/04/2012,"Jon Hurwitz, Hayden Schlossberg"
tt0449059,8,22/02/2017,Little Miss Sunshine,https://www.imdb.com/title/tt0449059/,movie,7.8,101,2006,"Comedy, Drama",439887,20/01/2006,"Jonathan Dayton, Valerie Faris"
tt0102926,9,06/11/2015,The Silence of the Lambs,https://www.imdb.com/title/tt0102926/,movie,8.6,118,1991,"Crime, Drama, Thriller",1270400,30/01/1991,Jonathan Demme
tt1306980,8,26/03/2016,50/50,https://www.imdb.com/title/tt1306980/,movie,7.6,100,2011,"Comedy, Drama, Romance",315431,12/09/2011,Jonathan Levine
tt2229499,7,27/09/2015,Don Jon,https://www.imdb.com/title/tt2229499/,movie,6.5,90,2013,"Comedy, Drama, Romance",228848,18/01/2013,Joseph Gordon-Levitt
tt5727208,8,28/03/2020,Uncut Gems,https://www.imdb.com/title/tt5727208/,movie,7.4,135,2019,"Crime, Drama, Thriller",220667,30/08/2019,"Josh Safdie, Benny Safdie"
tt0848228,7,13/04/2015,The Avengers,https://www.imdb.com/title/tt0848228/,movie,8,143,2012,"Action, Adventure, Sci-Fi",1260946,11/04/2012,Joss Whedon
tt1305806,9,22/05/2016,El secreto de sus ojos,https://www.imdb.com/title/tt1305806/,movie,8.2,129,2009,"Drama, Mystery, Romance, Thriller",193252,13/08/2009,Juan José Campanella
tt0405422,7,13/04/2015,The 40 Year Old Virgin,https://www.imdb.com/title/tt0405422/,movie,7.1,116,2005,"Comedy, Romance",395687,11/08/2005,Judd Apatow
tt0366548,6,03/08/2015,Happy Feet,https://www.imdb.com/title/tt0366548/,movie,6.4,108,2006,"Animation, Adventure, Comedy, Family, Music, Musical, Romance",170097,16/11/2006,"Judy Morris, Warren Coleman, George Miller"
tt0118694,8,07/05/2020,Fa yeung nin wah,https://www.imdb.com/title/tt0118694/,movie,8.1,98,2000,"Drama, Romance",124408,20/05/2000,Kar-Wai Wong
tt0887912,9,10/04/2015,The Hurt Locker,https://www.imdb.com/title/tt0887912/,movie,7.5,131,2008,"Drama, Thriller, War",421528,04/09/2008,Kathryn Bigelow
tt1790885,8,11/06/2015,Zero Dark Thirty,https://www.imdb.com/title/tt1790885/,movie,7.4,157,2012,"Drama, History, Thriller, War",271963,10/12/2012,Kathryn Bigelow
tt0317248,10,05/07/2019,Cidade de Deus,https://www.imdb.com/title/tt0317248/,movie,8.6,130,2002,"Crime, Drama",699328,18/05/2002,"Kátia Lund, Fernando Meirelles"
tt3402236,7,24/05/2018,Murder on the Orient Express,https://www.imdb.com/title/tt3402236/,movie,6.5,114,2017,"Crime, Drama, Mystery",213522,03/11/2017,Kenneth Branagh
tt4034228,9,31/01/2017,Manchester by the Sea,https://www.imdb.com/title/tt4034228/,movie,7.8,137,2016,Drama,247004,23/01/2016,Kenneth Lonergan
tt0443453,8,01/02/2021,Borat: Cultural Learnings of America for Make Benefit Glorious Nation of Kazakhstan,https://www.imdb.com/title/tt0443453/,movie,7.3,84,2006,Comedy,377738,04/08/2006,Larry Charles
tt4044364,9,11/12/2016,Citizenfour,https://www.imdb.com/title/tt4044364/,movie,8,114,2014,"Documentary, Biography, History, News",52549,10/10/2014,Laura Poitras
tt0435761,7,10/06/2015,Toy Story 3,https://www.imdb.com/title/tt0435761/,movie,8.2,103,2010,"Animation, Adventure, Comedy, Family, Fantasy",757145,12/06/2010,Lee Unkrich
tt3195644,6,26/06/2015,Insidious: Chapter 3,https://www.imdb.com/title/tt3195644/,movie,6.1,97,2015,"Horror, Mystery, Thriller",93773,28/05/2015,Leigh Whannell
tt3170832,8,15/05/2020,Room,https://www.imdb.com/title/tt3170832/,movie,8.1,118,2015,"Drama, Thriller",371608,04/09/2015,Lenny Abrahamson
tt5503686,7,28/03/2020,Hustlers,https://www.imdb.com/title/tt5503686/,movie,6.3,110,2019,"Comedy, Crime, Drama",83838,07/09/2019,Lorene Scafaria
tt1670345,8,22/05/2016,Now You See Me,https://www.imdb.com/title/tt1670345/,movie,7.3,115,2013,"Crime, Mystery, Thriller",596539,21/05/2013,Louis Leterrier
tt0092593,8,02/08/2016,Au revoir les enfants,https://www.imdb.com/title/tt0092593/,movie,8,104,1987,"Drama, War",31162,31/08/1987,Louis Malle
tt1010048,9,11/04/2015,Slumdog Millionaire,https://www.imdb.com/title/tt1010048/,movie,8,120,2008,"Drama, Romance",798941,30/08/2008,"Loveleen Tandan, Danny Boyle"
tt0110413,8,21/07/2015,Léon,https://www.imdb.com/title/tt0110413/,movie,8.5,110,1994,"Action, Crime, Drama, Thriller",1035416,14/09/1994,Luc Besson
tt2872732,6,13/04/2015,Lucy,https://www.imdb.com/title/tt2872732/,movie,6.4,89,2014,"Action, Sci-Fi, Thriller",446700,25/07/2014,Luc Besson
tt2737050,7,29/02/2016,"Deux jours, une nuit",https://www.imdb.com/title/tt2737050/,movie,7.3,95,2014,Drama,45257,20/05/2014,"Luc Dardenne, Jean-Pierre Dardenne"
tt1924435,6,13/04/2015,Let's Be Cops,https://www.imdb.com/title/tt1924435/,movie,6.4,104,2014,"Action, Comedy, Crime",127289,07/08/2014,Luke Greenfield
tt5742374,8,29/03/2020,You Were Never Really Here,https://www.imdb.com/title/tt5742374/,movie,6.8,89,2017,"Crime, Drama, Mystery, Thriller",104191,27/05/2017,Lynne Ramsay
tt2125608,7,07/06/2015,Searching for Sugar Man,https://www.imdb.com/title/tt2125608/,movie,8.2,86,2012,"Documentary, Biography, Music",63848,19/01/2012,Malik Bendjelloul
tt0830515,7,12/06/2015,Quantum of Solace,https://www.imdb.com/title/tt0830515/,movie,6.6,106,2008,"Action, Adventure, Thriller",405626,29/10/2008,Marc Forster
tt0816711,7,26/06/2015,World War Z,https://www.imdb.com/title/tt0816711/,movie,7,116,2013,"Action, Adventure, Horror, Sci-Fi",601815,02/06/2013,Marc Forster
tt0758766,8,26/06/2015,Music and Lyrics,https://www.imdb.com/title/tt0758766/,movie,6.5,104,2007,"Comedy, Music, Romance",97477,09/02/2007,Marc Lawrence
tt1022603,9,19/11/2016,(500) Days of Summer,https://www.imdb.com/title/tt1022603/,movie,7.7,95,2009,"Comedy, Drama, Romance",472275,17/01/2009,Marc Webb
tt0948470,7,11/06/2015,The Amazing Spider-Man,https://www.imdb.com/title/tt0948470/,movie,6.9,136,2012,"Action, Adventure, Sci-Fi",558924,13/06/2012,Marc Webb
tt1872181,7,13/06/2015,The Amazing Spider-Man 2,https://www.imdb.com/title/tt1872181/,movie,6.6,142,2014,"Action, Adventure, Sci-Fi",417055,10/04/2014,Marc Webb
tt4048272,8,26/02/2017,Toni Erdmann,https://www.imdb.com/title/tt4048272/,movie,7.4,162,2016,"Comedy, Drama",44215,14/05/2016,Maren Ade
tt4595882,7,24/08/2019,Can You Ever Forgive Me?,https://www.imdb.com/title/tt4595882/,movie,7.1,106,2018,"Biography, Comedy, Crime, Drama",46820,01/09/2018,Marielle Heller
tt0371606,6,03/08/2015,Chicken Little,https://www.imdb.com/title/tt0371606/,movie,5.7,81,2005,"Animation, Adventure, Comedy, Family, Fantasy, Sci-Fi",85938,30/10/2005,Mark Dindal
tt0914798,6,27/10/2019,The Boy in the Striped Pyjamas,https://www.imdb.com/title/tt0914798/,movie,7.8,94,2008,"Drama, History, War",190769,28/08/2008,Mark Herman
tt0356470,7,21/06/2015,A Cinderella Story,https://www.imdb.com/title/tt0356470/,movie,5.9,95,2004,"Comedy, Family, Romance",80921,10/07/2004,Mark Rosman
tt0377092,7,13/06/2015,Mean Girls,https://www.imdb.com/title/tt0377092/,movie,7,97,2004,Comedy,334812,19/04/2004,Mark Waters
tt0086960,8,28/06/2015,Beverly Hills Cop,https://www.imdb.com/title/tt0086960/,movie,7.3,105,1984,"Action, Comedy, Crime, Thriller",163785,01/12/1984,Martin Brest
tt0095631,9,13/04/2020,Midnight Run,https://www.imdb.com/title/tt0095631/,movie,7.5,126,1988,"Action, Comedy, Crime, Thriller",75831,11/07/1988,Martin Brest
tt0381061,8,26/06/2015,Casino Royale,https://www.imdb.com/title/tt0381061/,movie,8,144,2006,"Action, Adventure, Thriller",582278,14/11/2006,Martin Campbell
tt0780536,8,24/04/2020,In Bruges,https://www.imdb.com/title/tt0780536/,movie,7.9,107,2008,"Comedy, Crime, Drama, Thriller",390358,17/01/2008,Martin McDonagh
tt5027774,9,11/01/2018,"Three Billboards Outside Ebbing, Missouri",https://www.imdb.com/title/tt5027774/,movie,8.2,115,2017,"Comedy, Crime, Drama",432714,04/09/2017,Martin McDonagh
tt0070379,7,14/06/2020,Mean Streets,https://www.imdb.com/title/tt0070379/,movie,7.2,112,1973,"Crime, Drama, Thriller",100231,02/10/1973,Martin Scorsese
tt0075314,8,26/03/2016,Taxi Driver,https://www.imdb.com/title/tt0075314/,movie,8.3,114,1976,"Crime, Drama",724762,08/02/1976,Martin Scorsese
tt0099685,8,11/04/2016,Goodfellas,https://www.imdb.com/title/tt0099685/,movie,8.7,146,1990,"Biography, Crime, Drama",1020922,09/09/1990,Martin Scorsese
tt0112641,8,02/11/2020,Casino,https://www.imdb.com/title/tt0112641/,movie,8.2,178,1995,"Crime, Drama",466361,03/04/1995,Martin Scorsese
tt0407887,10,09/04/2015,The Departed,https://www.imdb.com/title/tt0407887/,movie,8.5,151,2006,"Crime, Drama, Thriller",1189964,26/09/2006,Martin Scorsese
tt1130884,8,12/04/2015,Shutter Island,https://www.imdb.com/title/tt1130884/,movie,8.2,138,2010,"Mystery, Thriller",1130107,13/02/2010,Martin Scorsese
tt0993846,8,17/04/2015,The Wolf of Wall Street,https://www.imdb.com/title/tt0993846/,movie,8.2,180,2013,"Biography, Crime, Drama",1187874,09/12/2013,Martin Scorsese
tt1302006,9,25/12/2019,The Irishman,https://www.imdb.com/title/tt1302006/,movie,7.9,209,2019,"Biography, Crime, Drama",324828,27/09/2019,Martin Scorsese
tt0144084,7,25/01/2020,American Psycho,https://www.imdb.com/title/tt0144084/,movie,7.6,101,2000,"Comedy, Crime, Drama",490166,21/01/2000,Mary Harron
tt1355640,8,27/12/2016,The Shock Doctrine,https://www.imdb.com/title/tt1355640/,movie,7.6,79,2009,"Documentary, History",2773,09/02/2009,"Mat Whitecross, Michael Winterbottom"
tt0113247,8,07/05/2020,La haine,https://www.imdb.com/title/tt0113247/,movie,8.1,98,1995,"Crime, Drama",150379,27/05/1995,Mathieu Kassovitz
tt2103281,8,13/04/2015,Dawn of the Planet of the Apes,https://www.imdb.com/title/tt2103281/,movie,7.6,130,2014,"Action, Adventure, Drama, Sci-Fi",411619,26/06/2014,Matt Reeves
tt3553976,8,21/11/2016,Captain Fantastic,https://www.imdb.com/title/tt3553976/,movie,7.9,118,2016,"Comedy, Drama",189422,23/01/2016,Matt Ross
tt1250777,7,22/05/2016,Kick-Ass,https://www.imdb.com/title/tt1250777/,movie,7.6,117,2010,"Action, Comedy, Crime",524107,12/03/2010,Matthew Vaughn
tt2802144,8,29/05/2015,Kingsman: The Secret Service,https://www.imdb.com/title/tt2802144/,movie,7.7,129,2014,"Action, Adventure, Comedy, Thriller",590486,13/12/2014,Matthew Vaughn
tt1596350,7,01/08/2015,This Means War,https://www.imdb.com/title/tt1596350/,movie,6.3,103,2012,"Action, Comedy, Romance",176010,30/01/2012,McG
tt2119532,8,24/01/2017,Hacksaw Ridge,https://www.imdb.com/title/tt2119532/,movie,8.1,139,2016,"Biography, Drama, History, War",436022,04/09/2016,Mel Gibson
tt0032138,7,29/07/2015,The Wizard of Oz,https://www.imdb.com/title/tt0032138/,movie,8,102,1939,"Adventure, Family, Fantasy, Musical",371395,10/08/1939,"Mervyn LeRoy, King Vidor, Norman Taurog, George Cukor, Victor Fleming, Richard Thorpe"
tt3090634,8,04/02/2019,Eden,https://www.imdb.com/title/tt3090634/,movie,6.4,131,2014,"Biography, Drama, Music",4443,05/09/2014,Mia Hansen-Løve
tt0454776,7,22/06/2015,Amazing Grace,https://www.imdb.com/title/tt0454776/,movie,7.4,118,2006,"Biography, Drama, History, Romance",23902,16/09/2006,Michael Apted
tt0387898,8,15/05/2020,Caché,https://www.imdb.com/title/tt0387898/,movie,7.3,117,2005,"Drama, Mystery, Thriller",73870,14/05/2005,Michael Haneke
tt1149362,9,25/07/2017,Das weiße Band - Eine deutsche Kindergeschichte,https://www.imdb.com/title/tt1149362/,movie,7.8,144,2009,"Drama, History, Mystery, Thriller",68719,21/05/2009,Michael Haneke
tt1602620,9,17/05/2020,Amour,https://www.imdb.com/title/tt1602620/,movie,7.9,127,2012,"Drama, Romance",93103,20/05/2012,Michael Haneke
tt5304464,7,29/07/2018,Happy End,https://www.imdb.com/title/tt5304464/,movie,6.7,107,2017,Drama,13233,22/05/2017,Michael Haneke
tt0113277,9,24/04/2020,Heat,https://www.imdb.com/title/tt0113277/,movie,8.2,170,1995,"Crime, Drama, Thriller",577205,06/12/1995,Michael Mann
tt0140352,9,11/06/2020,The Insider,https://www.imdb.com/title/tt0140352/,movie,7.8,157,1999,"Biography, Drama, Thriller",159898,28/10/1999,Michael Mann
tt1152836,8,17/04/2020,Public Enemies,https://www.imdb.com/title/tt1152836/,movie,7,140,2009,"Biography, Crime, Drama, History",282391,18/06/2009,Michael Mann
tt0338013,8,06/01/2020,Eternal Sunshine of the Spotless Mind,https://www.imdb.com/title/tt0338013/,movie,8.3,108,2004,"Drama, Romance, Sci-Fi",911794,09/03/2004,Michel Gondry
tt5687334,8,18/05/2018,Le Redoutable,https://www.imdb.com/title/tt5687334/,movie,6.6,107,2017,"Biography, Comedy, Drama, Romance",4593,21/05/2017,Michel Hazanavicius
tt1211956,6,11/06/2015,Escape Plan,https://www.imdb.com/title/tt1211956/,movie,6.7,115,2013,"Action, Thriller",227235,18/07/2013,Mikael Håfström
tt4385888,8,23/05/2018,20th Century Women,https://www.imdb.com/title/tt4385888/,movie,7.3,119,2016,"Comedy, Drama",40161,08/10/2016,Mike Mills
tt0119008,7,29/04/2020,Donnie Brasco,https://www.imdb.com/title/tt0119008/,movie,7.7,127,1997,"Biography, Crime, Drama",279347,24/02/1997,Mike Newell
tt0330373,8,10/01/2016,Harry Potter and the Goblet of Fire,https://www.imdb.com/title/tt0330373/,movie,7.7,157,2005,"Adventure, Family, Fantasy, Mystery",548696,06/11/2005,Mike Newell
tt0376541,6,02/09/2015,Closer,https://www.imdb.com/title/tt0376541/,movie,7.2,104,2004,"Drama, Romance",203324,22/11/2004,Mike Nichols
tt1080016,7,22/07/2015,Ice Age: Dawn of the Dinosaurs,https://www.imdb.com/title/tt1080016/,movie,6.9,94,2009,"Animation, Adventure, Comedy, Family, Fantasy",224168,26/06/2009,"Mike Thurmeier, Carlos Saldanha"
tt1667889,7,13/04/2015,Ice Age: Continental Drift,https://www.imdb.com/title/tt1667889/,movie,6.5,88,2012,"Animation, Adventure, Comedy, Family, Fantasy",192014,26/06/2012,"Mike Thurmeier, Steve Martino"
tt0073486,8,15/05/2020,One Flew Over the Cuckoo's Nest,https://www.imdb.com/title/tt0073486/,movie,8.7,133,1975,Drama,918218,19/11/1975,Milos Forman
tt0086879,8,09/04/2015,Amadeus,https://www.imdb.com/title/tt0086879/,movie,8.3,160,1984,"Biography, Drama, History, Music",369056,06/09/1984,Milos Forman
tt2084970,9,16/05/2015,The Imitation Game,https://www.imdb.com/title/tt2084970/,movie,8,114,2014,"Biography, Drama, Thriller, War",685297,29/08/2014,Morten Tyldum
tt8267604,9,21/05/2020,Capharnaüm,https://www.imdb.com/title/tt8267604/,movie,8.4,126,2018,Drama,62687,17/05/2018,Nadine Labaki
tt2004420,6,10/01/2016,Neighbors,https://www.imdb.com/title/tt2004420/,movie,6.3,97,2014,Comedy,286972,08/03/2014,Nicholas Stoller
tt4438848,6,19/05/2016,Neighbors 2: Sorority Rising,https://www.imdb.com/title/tt4438848/,movie,5.7,92,2016,Comedy,113667,26/04/2016,Nicholas Stoller
tt0332280,8,15/05/2020,The Notebook,https://www.imdb.com/title/tt0332280/,movie,7.8,123,2004,"Drama, Romance",520339,20/05/2004,Nick Cassavetes
tt1078588,8,02/08/2015,My Sister's Keeper,https://www.imdb.com/title/tt1078588/,movie,7.4,109,2009,"Drama, Family",89565,26/06/2009,Nick Cassavetes
tt2203939,7,30/03/2016,The Other Woman,https://www.imdb.com/title/tt2203939/,movie,6,109,2014,"Comedy, Romance",130947,01/04/2014,Nick Cassavetes
tt0780504,8,14/05/2017,Drive,https://www.imdb.com/title/tt0780504/,movie,7.8,100,2011,"Crime, Drama",571636,20/05/2011,Nicolas Winding Refn
tt7653254,7,25/12/2019,Marriage Story,https://www.imdb.com/title/tt7653254/,movie,7.9,137,2019,"Comedy, Drama, Romance",246725,29/08/2019,Noah Baumbach
tt0363163,8,26/03/2016,Der Untergang,https://www.imdb.com/title/tt0363163/,movie,8.2,156,2004,"Biography, Drama, History, War",331344,08/09/2004,Oliver Hirschbiegel
tt1397280,6,12/06/2015,Taken 2,https://www.imdb.com/title/tt1397280/,movie,6.3,92,2012,"Action, Thriller",289497,07/09/2012,Olivier Megaton
tt1675434,9,24/06/2015,Intouchables,https://www.imdb.com/title/tt1675434/,movie,8.5,112,2011,"Biography, Comedy, Drama",760536,23/09/2011,"Olivier Nakache, Éric Toledano"
tt2358891,8,17/05/2020,La grande bellezza,https://www.imdb.com/title/tt2358891/,movie,7.8,141,2013,Drama,81132,21/05/2013,Paolo Sorrentino
tt5929754,8,19/04/2020,Wildlife,https://www.imdb.com/title/tt5929754/,movie,6.8,105,2018,Drama,24182,20/01/2018,Paul Dano
tt0372183,7,26/06/2015,The Bourne Supremacy,https://www.imdb.com/title/tt0372183/,movie,7.7,108,2004,"Action, Mystery, Thriller",434862,16/07/2004,Paul Greengrass
tt0440963,8,09/04/2015,The Bourne Ultimatum,https://www.imdb.com/title/tt0440963/,movie,8,115,2007,"Action, Mystery, Thriller",604723,25/07/2007,Paul Greengrass
tt1535109,7,26/06/2015,Captain Phillips,https://www.imdb.com/title/tt1535109/,movie,7.8,134,2013,"Adventure, Biography, Crime, Drama, Thriller",421284,27/09/2013,Paul Greengrass
tt4196776,7,27/10/2016,Jason Bourne,https://www.imdb.com/title/tt4196776/,movie,6.6,123,2016,"Action, Thriller",208527,03/07/2016,Paul Greengrass
tt0118749,8,28/01/2021,Boogie Nights,https://www.imdb.com/title/tt0118749/,movie,7.9,155,1997,Drama,239503,11/09/1997,Paul Thomas Anderson
tt0469494,8,26/06/2015,There Will Be Blood,https://www.imdb.com/title/tt0469494/,movie,8.2,158,2007,Drama,517445,27/09/2007,Paul Thomas Anderson
tt0389557,7,22/05/2020,Zwartboek,https://www.imdb.com/title/tt0389557/,movie,7.7,145,2006,"Drama, Thriller, War",72645,01/09/2006,Paul Verhoeven
tt0163651,7,03/08/2015,American Pie,https://www.imdb.com/title/tt0163651/,movie,7,95,1999,Comedy,376260,07/07/1999,"Paul Weitz, Chris Weitz"
tt0276751,8,11/06/2015,About a Boy,https://www.imdb.com/title/tt0276751/,movie,7,101,2002,"Comedy, Drama, Romance",172791,26/04/2002,"Paul Weitz, Chris Weitz"
tt0185125,9,26/02/2017,Todo sobre mi madre,https://www.imdb.com/title/tt0185125/,movie,7.8,101,1999,Drama,89064,08/04/1999,Pedro Almodóvar
tt0287467,8,16/05/2020,Hable con ella,https://www.imdb.com/title/tt0287467/,movie,7.9,112,2002,"Drama, Mystery, Romance",104698,15/03/2002,Pedro Almodóvar
tt8291806,8,30/06/2019,Dolor y gloria,https://www.imdb.com/title/tt8291806/,movie,7.5,113,2019,Drama,49136,13/03/2019,Pedro Almodóvar
tt1049413,7,09/04/2015,Up,https://www.imdb.com/title/tt1049413/,movie,8.2,96,2009,"Animation, Adventure, Comedy, Family",935643,13/05/2009,"Pete Docter, Bob Peterson"
tt2948372,8,01/02/2021,Soul,https://www.imdb.com/title/tt2948372/,movie,8.1,100,2020,"Animation, Adventure, Comedy, Family, Fantasy, Music",159950,11/10/2020,"Pete Docter, Kemp Powers"
tt2096673,8,29/07/2016,Inside Out,https://www.imdb.com/title/tt2096673/,movie,8.1,95,2015,"Animation, Adventure, Comedy, Drama, Family, Fantasy",616373,18/05/2015,"Pete Docter, Ronnie Del Carmen"
tt0448157,6,13/04/2015,Hancock,https://www.imdb.com/title/tt0448157/,movie,6.4,92,2008,"Action, Drama, Fantasy",444770,16/06/2008,Peter Berg
tt6966692,6,18/03/2019,Green Book,https://www.imdb.com/title/tt6966692/,movie,8.2,130,2018,"Biography, Comedy, Drama, Music",378052,11/09/2018,Peter Farrelly
tt0480687,6,04/08/2015,Hall Pass,https://www.imdb.com/title/tt0480687/,movie,5.8,105,2011,"Comedy, Romance",119930,23/02/2011,"Peter Farrelly, Bobby Farrelly"
tt0360717,7,21/07/2015,King Kong,https://www.imdb.com/title/tt0360717/,movie,7.2,187,2005,"Action, Adventure, Drama, Romance",390908,05/12/2005,Peter Jackson
tt2310332,7,26/06/2015,The Hobbit: The Battle of the Five Armies,https://www.imdb.com/title/tt2310332/,movie,7.4,144,2014,"Adventure, Fantasy",474709,01/12/2014,Peter Jackson
tt0398165,7,11/06/2015,The Longest Yard,https://www.imdb.com/title/tt0398165/,movie,6.4,113,2005,"Comedy, Crime, Sport",162500,19/05/2005,Peter Segal
tt0097165,7,01/03/2018,Dead Poets Society,https://www.imdb.com/title/tt0097165/,movie,8.1,128,1989,"Comedy, Drama",425541,02/06/1989,Peter Weir
tt0120382,7,11/09/2020,The Truman Show,https://www.imdb.com/title/tt0120382/,movie,8.1,103,1998,"Comedy, Drama",939805,01/06/1998,Peter Weir
tt1487118,7,04/08/2015,Chalet Girl,https://www.imdb.com/title/tt1487118/,movie,6.3,97,2011,"Comedy, Romance, Sport",24116,17/02/2011,Phil Traill
tt0936501,7,12/06/2015,Taken,https://www.imdb.com/title/tt0936501/,movie,7.8,90,2008,"Action, Thriller",564818,27/02/2008,Pierre Morel
tt0105236,9,13/04/2015,Reservoir Dogs,https://www.imdb.com/title/tt0105236/,movie,8.3,99,1992,"Crime, Drama, Thriller",918691,21/01/1992,Quentin Tarantino
tt0110912,8,17/05/2016,Pulp Fiction,https://www.imdb.com/title/tt0110912/,movie,8.9,154,1994,"Crime, Drama",1826495,21/05/1994,Quentin Tarantino
tt0266697,8,06/06/2015,Kill Bill: Vol. 1,https://www.imdb.com/title/tt0266697/,movie,8.1,111,2003,"Action, Crime, Drama, Thriller",1000783,29/09/2003,Quentin Tarantino
tt0361748,8,29/02/2016,Inglourious Basterds,https://www.imdb.com/title/tt0361748/,movie,8.3,153,2009,"Adventure, Drama, War",1268134,20/05/2009,Quentin Tarantino
tt1853728,9,09/04/2015,Django Unchained,https://www.imdb.com/title/tt1853728/,movie,8.4,165,2012,"Drama, Western",1357937,11/12/2012,Quentin Tarantino
tt7131622,8,25/12/2019,Once Upon a Time... in Hollywood,https://www.imdb.com/title/tt7131622/,movie,7.6,161,2019,"Comedy, Drama",551600,21/05/2019,Quentin Tarantino
tt0077631,7,22/07/2015,Grease,https://www.imdb.com/title/tt0077631/,movie,7.2,110,1978,"Musical, Romance",242131,13/06/1978,Randal Kleiser
tt0364725,8,11/06/2015,Dodgeball: A True Underdog Story,https://www.imdb.com/title/tt0364725/,movie,6.7,92,2004,"Comedy, Sport",229297,18/06/2004,Rawson Marshall Thurber
tt1723121,7,10/06/2015,We're the Millers,https://www.imdb.com/title/tt1723121/,movie,7,110,2013,"Comedy, Crime",404361,03/08/2013,Rawson Marshall Thurber
tt8946378,8,06/01/2020,Knives Out,https://www.imdb.com/title/tt8946378/,movie,7.9,130,2019,"Comedy, Crime, Drama, Mystery, Thriller",454517,07/09/2019,Rian Johnson
tt0314331,6,11/06/2015,Love Actually,https://www.imdb.com/title/tt0314331/,movie,7.6,135,2003,"Comedy, Drama, Romance",436788,06/11/2003,Richard Curtis
tt2194499,7,27/10/2019,About Time,https://www.imdb.com/title/tt2194499/,movie,7.8,123,2013,"Comedy, Drama, Fantasy, Romance, Sci-Fi",303075,27/06/2013,Richard Curtis
tt3316960,7,10/04/2015,Still Alice,https://www.imdb.com/title/tt3316960/,movie,7.5,101,2014,Drama,126569,08/09/2014,"Richard Glatzer, Wash Westmoreland"
tt0246578,7,24/02/2018,Donnie Darko,https://www.imdb.com/title/tt0246578/,movie,8,113,2001,"Drama, Mystery, Sci-Fi, Thriller",740147,19/01/2001,Richard Kelly
tt0106677,9,25/11/2019,Dazed and Confused,https://www.imdb.com/title/tt0106677/,movie,7.6,102,1993,Comedy,165485,04/06/1993,Richard Linklater
tt0112471,8,24/09/2018,Before Sunrise,https://www.imdb.com/title/tt0112471/,movie,8.1,101,1995,"Drama, Romance",272331,19/01/1995,Richard Linklater
tt0332379,7,21/07/2015,The School of Rock,https://www.imdb.com/title/tt0332379/,movie,7.1,109,2003,"Comedy, Music",269065,09/09/2003,Richard Linklater
tt1065073,10,26/10/2016,Boyhood,https://www.imdb.com/title/tt1065073/,movie,7.9,165,2014,Drama,335551,19/01/2014,Richard Linklater
tt2937696,9,24/10/2016,Everybody Wants Some!!,https://www.imdb.com/title/tt2937696/,movie,6.9,117,2016,Comedy,51877,11/03/2016,Richard Linklater
tt1058017,7,22/07/2015,The Invention of Lying,https://www.imdb.com/title/tt1058017/,movie,6.4,100,2009,"Comedy, Fantasy, Romance",128300,14/09/2009,"Ricky Gervais, Matthew Robinson"
tt0172495,8,06/06/2015,Gladiator,https://www.imdb.com/title/tt0172495/,movie,8.5,155,2000,"Action, Adventure, Drama",1341653,01/05/2000,Ridley Scott
tt3659388,8,06/08/2018,The Martian,https://www.imdb.com/title/tt3659388/,movie,8,144,2015,"Adventure, Drama, Sci-Fi",760181,11/09/2015,Ridley Scott
tt7339248,8,30/06/2019,The Art of Self-Defense,https://www.imdb.com/title/tt7339248/,movie,6.7,104,2019,"Action, Comedy, Crime, Drama, Mystery, Thriller",27400,10/03/2019,Riley Stearns
tt0110357,7,26/06/2015,The Lion King,https://www.imdb.com/title/tt0110357/,movie,8.5,88,1994,"Animation, Adventure, Drama, Family, Musical",942216,12/06/1994,"Rob Minkoff, Roger Allers"
tt0112346,7,01/02/2021,The American President,https://www.imdb.com/title/tt0112346/,movie,6.8,114,1995,"Comedy, Drama, Romance",52786,08/11/1995,Rob Reiner
tt0106489,7,01/05/2020,A Bronx Tale,https://www.imdb.com/title/tt0106489/,movie,7.8,121,1993,"Crime, Drama, Romance",128185,09/09/1993,Robert De Niro
tt0478087,8,22/06/2015,21,https://www.imdb.com/title/tt0478087/,movie,6.8,123,2008,"Crime, Drama, History, Thriller",229608,07/03/2008,Robert Luketic
tt1245526,7,21/07/2015,RED,https://www.imdb.com/title/tt1245526/,movie,7,111,2010,"Action, Comedy, Crime, Thriller",289398,29/09/2010,Robert Schwentke
tt0109830,9,29/06/2017,Forrest Gump,https://www.imdb.com/title/tt0109830/,movie,8.8,142,1994,"Drama, Romance",1809560,23/06/1994,Robert Zemeckis
tt1907668,7,11/06/2015,Flight,https://www.imdb.com/title/tt1907668/,movie,7.3,138,2012,"Drama, Thriller",326040,14/10/2012,Robert Zemeckis
tt0118799,9,22/06/2015,La vita è bella,https://www.imdb.com/title/tt0118799/,movie,8.6,116,1997,"Comedy, Drama, Romance, War",623746,20/12/1997,Roberto Benigni
tt0049189,7,25/02/2018,Et Dieu... créa la femme,https://www.imdb.com/title/tt0049189/,movie,6.4,95,1956,"Drama, Romance",7589,28/11/1956,Roger Vadim
tt2334879,7,10/06/2015,White House Down,https://www.imdb.com/title/tt2334879/,movie,6.4,131,2013,"Action, Drama, Thriller",206406,21/06/2013,Roland Emmerich
tt0253474,9,22/02/2016,The Pianist,https://www.imdb.com/title/tt0253474/,movie,8.5,150,2002,"Biography, Drama, Music, War",729748,24/05/2002,Roman Polanski
tt0268978,9,25/12/2016,A Beautiful Mind,https://www.imdb.com/title/tt0268978/,movie,8.2,135,2001,"Biography, Drama",849048,13/12/2001,Ron Howard
tt1156398,7,05/06/2015,Zombieland,https://www.imdb.com/title/tt1156398/,movie,7.6,88,2009,"Adventure, Comedy, Fantasy, Horror, Sci-Fi",520083,25/09/2009,Ruben Fleischer
tt1318514,7,16/04/2015,Rise of the Planet of the Apes,https://www.imdb.com/title/tt1318514/,movie,7.6,105,2011,"Action, Drama, Sci-Fi, Thriller",495876,28/07/2011,Rupert Wyatt
tt0169547,8,10/06/2015,American Beauty,https://www.imdb.com/title/tt0169547/,movie,8.3,122,1999,Drama,1069862,08/09/1999,Sam Mendes
tt1074638,8,26/06/2015,Skyfall,https://www.imdb.com/title/tt1074638/,movie,7.7,143,2012,"Action, Adventure, Thriller",630646,23/10/2012,Sam Mendes
tt2379713,7,22/05/2016,Spectre,https://www.imdb.com/title/tt2379713/,movie,6.8,148,2015,"Action, Adventure, Thriller",384927,26/10/2015,Sam Mendes
tt8579674,8,22/05/2020,1917,https://www.imdb.com/title/tt8579674/,movie,8.3,119,2019,"Drama, Thriller, War",426129,04/12/2019,Sam Mendes
tt0145487,6,22/07/2015,Spider-Man,https://www.imdb.com/title/tt0145487/,movie,7.3,121,2002,"Action, Adventure, Sci-Fi",687982,30/04/2002,Sam Raimi
tt0316654,7,08/09/2015,Spider-Man 2,https://www.imdb.com/title/tt0316654/,movie,7.3,127,2004,"Action, Adventure, Sci-Fi",544058,25/06/2004,Sam Raimi
tt0413300,6,22/07/2015,Spider-Man 3,https://www.imdb.com/title/tt0413300/,movie,6.2,139,2007,"Action, Adventure, Sci-Fi",499625,03/04/2007,Sam Raimi
tt5478478,8,02/04/2020,Hostiles,https://www.imdb.com/title/tt5478478/,movie,7.2,134,2017,"Drama, Western",71369,02/09/2017,Scott Cooper
tt2170439,7,10/06/2015,Horrible Bosses 2,https://www.imdb.com/title/tt2170439/,movie,6.3,108,2014,"Comedy, Crime",158500,12/11/2014,Sean Anders
tt0758758,7,09/04/2015,Into the Wild,https://www.imdb.com/title/tt0758758/,movie,8.1,148,2007,"Adventure, Biography, Drama",572994,01/09/2007,Sean Penn
tt4226388,10,19/05/2016,Victoria,https://www.imdb.com/title/tt4226388/,movie,7.6,138,2015,"Crime, Drama, Romance, Thriller",52913,07/02/2015,Sebastian Schipper
tt0087843,8,02/05/2020,Once Upon a Time in America,https://www.imdb.com/title/tt0087843/,movie,8.4,229,1984,"Crime, Drama",311418,20/05/1984,Sergio Leone
tt1499658,7,13/04/2015,Horrible Bosses,https://www.imdb.com/title/tt1499658/,movie,6.9,98,2011,"Comedy, Crime",421753,08/07/2011,Seth Gordon
tt1637725,7,10/06/2015,Ted,https://www.imdb.com/title/tt1637725/,movie,6.9,106,2012,Comedy,569983,29/06/2012,Seth MacFarlane
tt2637276,6,06/11/2015,Ted 2,https://www.imdb.com/title/tt2637276/,movie,6.3,115,2015,Comedy,184976,25/06/2015,Seth MacFarlane
tt1300854,7,26/06/2015,Iron Man Three,https://www.imdb.com/title/tt1300854/,movie,7.1,130,2013,"Action, Adventure, Sci-Fi",755595,12/04/2013,Shane Black
tt3799694,7,05/06/2016,The Nice Guys,https://www.imdb.com/title/tt3799694/,movie,7.4,116,2016,"Action, Comedy, Crime, Thriller",280167,10/05/2016,Shane Black
tt0349205,7,22/07/2015,Cheaper by the Dozen,https://www.imdb.com/title/tt0349205/,movie,5.9,98,2003,"Comedy, Family",93929,25/12/2003,Shawn Levy
tt2234155,6,18/07/2015,The Internship,https://www.imdb.com/title/tt2234155/,movie,6.3,119,2013,Comedy,189498,29/05/2013,Shawn Levy
tt0050083,8,26/06/2015,12 Angry Men,https://www.imdb.com/title/tt0050083/,movie,9,96,1957,"Crime, Drama",689981,10/04/1957,Sidney Lumet
tt0072890,8,13/06/2020,Dog Day Afternoon,https://www.imdb.com/title/tt0072890/,movie,8,125,1975,"Biography, Crime, Drama, Thriller",235677,19/09/1975,Sidney Lumet
tt0074958,8,18/05/2018,Network,https://www.imdb.com/title/tt0074958/,movie,8.1,121,1976,Drama,144920,14/11/1976,Sidney Lumet
tt0335266,8,27/12/2017,Lost in Translation,https://www.imdb.com/title/tt0335266/,movie,7.7,102,2003,"Comedy, Drama",415131,29/08/2003,Sofia Coppola
tt2132285,4,11/06/2015,The Bling Ring,https://www.imdb.com/title/tt2132285/,movie,5.6,90,2013,"Biography, Crime, Drama",83531,16/05/2013,Sofia Coppola
tt0268126,8,15/05/2020,Adaptation.,https://www.imdb.com/title/tt0268126/,movie,7.7,115,2002,"Comedy, Drama",178577,03/12/2002,Spike Jonze
tt1798709,9,06/06/2016,Her,https://www.imdb.com/title/tt1798709/,movie,8,126,2013,"Drama, Romance, Sci-Fi",540852,12/10/2013,Spike Jonze
tt0454848,8,11/06/2020,Inside Man,https://www.imdb.com/title/tt0454848/,movie,7.6,129,2006,"Crime, Drama, Mystery, Thriller",339792,16/03/2006,Spike Lee
tt7349662,8,26/07/2020,BlacKkKlansman,https://www.imdb.com/title/tt7349662/,movie,7.5,135,2018,"Biography, Comedy, Crime, Drama",223223,14/05/2018,Spike Lee
tt0062622,8,12/04/2019,2001: A Space Odyssey,https://www.imdb.com/title/tt0062622/,movie,8.3,149,1968,"Adventure, Sci-Fi",603603,02/04/1968,Stanley Kubrick
tt1659337,9,05/07/2019,The Perks of Being a Wallflower,https://www.imdb.com/title/tt1659337/,movie,8,103,2012,"Drama, Romance",462295,08/09/2012,Stephen Chbosky
tt2431286,9,29/02/2016,Philomena,https://www.imdb.com/title/tt2431286/,movie,7.6,98,2013,"Biography, Comedy, Drama",94214,31/08/2013,Stephen Frears
tt2024544,8,09/04/2015,12 Years a Slave,https://www.imdb.com/title/tt2024544/,movie,8.1,134,2013,"Biography, Drama, History",640628,30/08/2013,Steve McQueen
tt0195685,8,07/06/2015,Erin Brockovich,https://www.imdb.com/title/tt0195685/,movie,7.3,131,2000,"Biography, Drama",175018,14/03/2000,Steven Soderbergh
tt0240772,8,22/12/2015,Ocean's Eleven,https://www.imdb.com/title/tt0240772/,movie,7.7,116,2001,"Crime, Thriller",516418,05/12/2001,Steven Soderbergh
tt0349903,7,22/12/2015,Ocean's Twelve,https://www.imdb.com/title/tt0349903/,movie,6.5,125,2004,"Crime, Thriller",359201,08/12/2004,Steven Soderbergh
tt0496806,8,06/01/2016,Ocean's Thirteen,https://www.imdb.com/title/tt0496806/,movie,6.9,122,2007,"Action, Crime, Thriller",321466,24/05/2007,Steven Soderbergh
tt5865326,6,25/01/2020,The Laundromat,https://www.imdb.com/title/tt5865326/,movie,6.3,95,2019,"Comedy, Crime, Drama, History",43982,01/09/2019,Steven Soderbergh
tt0108052,9,17/05/2016,Schindler's List,https://www.imdb.com/title/tt0108052/,movie,8.9,195,1993,"Biography, Drama, History",1213697,30/11/1993,Steven Spielberg
tt0120815,8,26/06/2015,Saving Private Ryan,https://www.imdb.com/title/tt0120815/,movie,8.6,169,1998,"Drama, War",1235994,21/07/1998,Steven Spielberg
tt0264464,10,13/04/2015,Catch Me If You Can,https://www.imdb.com/title/tt0264464/,movie,8.1,141,2002,"Biography, Crime, Drama",833052,16/12/2002,Steven Spielberg
tt1568911,8,29/02/2016,War Horse,https://www.imdb.com/title/tt1568911/,movie,7.2,146,2011,"Action, Adventure, Drama, History, War",147057,04/12/2011,Steven Spielberg
tt3682448,8,11/01/2018,Bridge of Spies,https://www.imdb.com/title/tt3682448/,movie,7.6,142,2015,"Drama, History, Thriller",287691,04/10/2015,Steven Spielberg
tt4698684,8,21/02/2017,Hunt for the Wilderpeople,https://www.imdb.com/title/tt4698684/,movie,7.9,101,2016,"Adventure, Comedy, Drama",111506,22/01/2016,Taika Waititi
tt1454029,8,05/06/2015,The Help,https://www.imdb.com/title/tt1454029/,movie,8,146,2011,Drama,428569,09/08/2011,Tate Taylor
tt5362988,8,23/10/2018,Wind River,https://www.imdb.com/title/tt5362988/,movie,7.7,107,2017,"Crime, Drama, Mystery, Thriller",205490,21/01/2017,Taylor Sheridan
tt0395169,7,01/09/2020,Hotel Rwanda,https://www.imdb.com/title/tt0395169/,movie,8.1,121,2004,"Biography, Drama, History, War",334356,11/09/2004,Terry George
tt2106476,9,22/12/2015,Jagten,https://www.imdb.com/title/tt2106476/,movie,8.3,115,2012,Drama,281703,20/05/2012,Thomas Vinterberg
tt0367594,7,22/07/2015,Charlie and the Chocolate Factory,https://www.imdb.com/title/tt0367594/,movie,6.6,115,2005,"Adventure, Comedy, Family, Fantasy, Musical",428854,10/07/2005,Tim Burton
tt1126590,8,06/06/2015,Big Eyes,https://www.imdb.com/title/tt1126590/,movie,7,106,2014,"Biography, Crime, Drama, Romance",85879,13/11/2014,Tim Burton
tt0327084,7,03/08/2015,Over the Hedge,https://www.imdb.com/title/tt0327084/,movie,6.7,83,2006,"Animation, Adventure, Comedy, Family, Fantasy",159843,22/04/2006,"Tim Johnson, Karey Kirkpatrick"
tt1431045,8,27/03/2016,Deadpool,https://www.imdb.com/title/tt1431045/,movie,8,108,2016,"Action, Adventure, Comedy, Sci-Fi",902790,21/01/2016,Tim Miller
tt1621045,7,29/02/2016,Think Like a Man,https://www.imdb.com/title/tt1621045/,movie,6.5,123,2012,"Comedy, Romance",44125,10/02/2012,Tim Story
tt8760684,8,07/04/2019,Apollo 11,https://www.imdb.com/title/tt8760684/,movie,8.2,93,2019,"Documentary, History",21878,24/01/2019,Todd Douglas Miller
tt1119646,7,13/04/2015,The Hangover,https://www.imdb.com/title/tt1119646/,movie,7.7,100,2009,Comedy,717608,30/05/2009,Todd Phillips
tt1231583,7,10/06/2015,Due Date,https://www.imdb.com/title/tt1231583/,movie,6.5,95,2010,"Adventure, Comedy, Drama",323844,31/10/2010,Todd Phillips
tt1411697,6,10/06/2015,The Hangover Part II,https://www.imdb.com/title/tt1411697/,movie,6.5,102,2011,Comedy,463955,19/05/2011,Todd Phillips
tt1951261,6,10/06/2015,The Hangover Part III,https://www.imdb.com/title/tt1951261/,movie,5.8,100,2013,"Comedy, Crime",293396,20/05/2013,Todd Phillips
tt2005151,8,18/12/2018,War Dogs,https://www.imdb.com/title/tt2005151/,movie,7.1,114,2016,"Biography, Comedy, Crime, Drama, War",177576,03/08/2016,Todd Phillips
tt7286456,7,22/12/2019,Joker,https://www.imdb.com/title/tt7286456/,movie,8.5,122,2019,"Crime, Drama, Thriller",939677,31/08/2019,Todd Phillips
tt4550098,9,17/01/2021,Nocturnal Animals,https://www.imdb.com/title/tt4550098/,movie,7.5,116,2016,"Drama, Thriller",238896,02/09/2016,Tom Ford
tt1504320,8,10/06/2015,The King's Speech,https://www.imdb.com/title/tt1504320/,movie,8,118,2010,"Biography, Drama, History",639665,06/09/2010,Tom Hooper
tt1895587,9,07/01/2016,Spotlight,https://www.imdb.com/title/tt1895587/,movie,8.1,129,2015,"Biography, Crime, Drama",420405,03/09/2015,Tom McCarthy
tt0351283,8,22/07/2015,Madagascar,https://www.imdb.com/title/tt0351283/,movie,6.9,86,2005,"Animation, Adventure, Comedy, Family",367073,25/05/2005,"Tom McGrath, Eric Darnell"
tt0315327,7,11/06/2015,Bruce Almighty,https://www.imdb.com/title/tt0315327/,movie,6.8,101,2003,"Comedy, Fantasy",371698,14/05/2003,Tom Shadyac
tt0130827,8,24/04/2020,Lola rennt,https://www.imdb.com/title/tt0130827/,movie,7.6,81,1998,"Crime, Drama, Thriller",188326,20/08/1998,Tom Tykwer
tt1340800,8,26/06/2015,Tinker Tailor Soldier Spy,https://www.imdb.com/title/tt1340800/,movie,7.1,122,2011,"Drama, Mystery, Thriller",187557,05/09/2011,Tomas Alfredson
tt1194173,8,13/04/2015,The Bourne Legacy,https://www.imdb.com/title/tt1194173/,movie,6.6,135,2012,"Action, Adventure, Thriller",285221,30/07/2012,Tony Gilroy
tt0120586,8,15/05/2020,American History X,https://www.imdb.com/title/tt0120586/,movie,8.5,119,1998,Drama,1034830,01/07/1998,Tony Kaye
tt0108399,9,12/04/2020,True Romance,https://www.imdb.com/title/tt0108399/,movie,7.9,119,1993,"Crime, Drama, Romance, Thriller",206927,08/09/1993,Tony Scott
tt0126029,7,10/06/2015,Shrek,https://www.imdb.com/title/tt0126029/,movie,7.8,90,2001,"Animation, Adventure, Comedy, Family, Fantasy",614011,22/04/2001,"Vicky Jenson, Andrew Adamson"
tt0318462,8,20/05/2020,Diarios de motocicleta,https://www.imdb.com/title/tt0318462/,movie,7.8,126,2004,"Adventure, Biography, Drama",96706,15/01/2004,Walter Salles
tt0128445,8,24/09/2018,Rushmore,https://www.imdb.com/title/tt0128445/,movie,7.7,93,1998,"Comedy, Drama, Romance",169249,17/09/1998,Wes Anderson
tt1748122,8,21/06/2015,Moonrise Kingdom,https://www.imdb.com/title/tt1748122/,movie,7.8,94,2012,"Comedy, Drama, Romance",318824,16/05/2012,Wes Anderson
tt2278388,9,09/04/2015,The Grand Budapest Hotel,https://www.imdb.com/title/tt2278388/,movie,8.1,99,2014,"Adventure, Comedy, Crime",707734,06/02/2014,Wes Anderson
tt5104604,9,14/08/2018,Isle of Dogs,https://www.imdb.com/title/tt5104604/,movie,7.9,101,2018,"Animation, Adventure, Comedy, Drama, Fantasy, Sci-Fi",139145,15/02/2018,Wes Anderson
tt1282140,7,05/06/2015,Easy A,https://www.imdb.com/title/tt1282140/,movie,7,92,2010,"Comedy, Drama, Romance",359363,11/09/2010,Will Gluck
tt1632708,7,05/06/2015,Friends with Benefits,https://www.imdb.com/title/tt1632708/,movie,6.5,109,2011,"Comedy, Romance",340207,18/07/2011,Will Gluck
tt3793788,6,22/04/2017,The Escort,https://www.imdb.com/title/tt3793788/,movie,6,88,2015,"Comedy, Drama, Romance",11879,15/06/2015,Will Slocombe
tt1605783,8,29/02/2016,Midnight in Paris,https://www.imdb.com/title/tt1605783/,movie,7.7,96,2011,"Comedy, Fantasy, Romance",388124,11/05/2011,Woody Allen
tt4537896,7,01/03/2019,White Boy Rick,https://www.imdb.com/title/tt4537896/,movie,6.5,111,2018,"Crime, Drama",28635,31/08/2018,Yann Demange
tt3464902,8,22/07/2020,The Lobster,https://www.imdb.com/title/tt3464902/,movie,7.2,119,2015,"Comedy, Drama, Romance, Sci-Fi, Thriller",219652,15/05/2015,Yorgos Lanthimos
tt5083738,8,22/07/2020,The Favourite,https://www.imdb.com/title/tt5083738/,movie,7.5,119,2018,"Biography, Comedy, Drama, History",172328,30/08/2018,Yorgos Lanthimos
tt2991224,9,21/05/2020,Mandariinid,https://www.imdb.com/title/tt2991224/,movie,8.2,87,2013,"Drama, War",40391,16/10/2013,Zaza Urushadze
